dataset,subject,model,time_unit,protocol,target_day,n_train_days,n_train_trials,n_test_trials,auc,balanced_accuracy,seed
Ma2020,1,csp_lda,recording_day,forward_expanding,1,1,200,200,0.5680000000000001,0.53,20260716
Ma2020,1,csp_lda,recording_day,loso,1,2,400,200,0.5932000000000001,0.585,20260716
Ma2020,1,csp_lda,recording_day,forward_expanding,2,2,400,200,0.6025,0.5650000000000001,20260716
Ma2020,1,csp_lda,recording_day,loso,2,2,400,200,0.6025,0.5650000000000001,20260716
Ma2020,1,ts_lr,recording_day,forward_expanding,1,1,200,200,0.6377,0.55,20260716
Ma2020,1,ts_lr,recording_day,loso,1,2,400,200,0.6556000000000001,0.62,20260716
Ma2020,1,ts_lr,recording_day,forward_expanding,2,2,400,200,0.5879000000000001,0.55,20260716
Ma2020,1,ts_lr,recording_day,loso,2,2,400,200,0.5879000000000001,0.55,20260716
Ma2020,2,csp_lda,recording_day,forward_expanding,1,1,200,200,0.6748000000000001,0.6,20260716
Ma2020,2,csp_lda,recording_day,loso,1,2,400,200,0.692,0.615,20260716
Ma2020,2,csp_lda,recording_day,forward_expanding,2,2,400,200,0.6924999999999999,0.63,20260716
Ma2020,2,csp_lda,recording_day,loso,2,2,400,200,0.6924999999999999,0.63,20260716
Ma2020,2,ts_lr,recording_day,forward_expanding,1,1,200,200,0.6682,0.56,20260716
Ma2020,2,ts_lr,recording_day,loso,1,2,400,200,0.7155,0.6599999999999999,20260716
Ma2020,2,ts_lr,recording_day,forward_expanding,2,2,400,200,0.6522,0.615,20260716
Ma2020,2,ts_lr,recording_day,loso,2,2,400,200,0.6522,0.615,20260716
Ma2020,3,csp_lda,recording_day,forward_expanding,1,1,200,200,0.6856000000000001,0.63,20260716
Ma2020,3,csp_lda,recording_day,loso,1,2,400,200,0.7220000000000001,0.6599999999999999,20260716
Ma2020,3,csp_lda,recording_day,forward_expanding,2,2,400,200,0.6240000000000001,0.505,20260716
Ma2020,3,csp_lda,recording_day,loso,2,2,400,200,0.6240000000000001,0.505,20260716
Ma2020,3,ts_lr,recording_day,forward_expanding,1,1,200,200,0.7811,0.645,20260716
Ma2020,3,ts_lr,recording_day,loso,1,2,400,200,0.7945,0.7250000000000001,20260716
Ma2020,3,ts_lr,recording_day,forward_expanding,2,2,400,200,0.7545,0.665,20260716
Ma2020,3,ts_lr,recording_day,loso,2,2,400,200,0.7545,0.665,20260716
Ma2020,4,csp_lda,recording_day,forward_expanding,1,1,200,200,0.6356,0.55,20260716
Ma2020,4,csp_lda,recording_day,loso,1,2,400,200,0.6617000000000001,0.6,20260716
Ma2020,4,csp_lda,recording_day,forward_expanding,2,2,400,200,0.6698999999999999,0.63,20260716
Ma2020,4,csp_lda,recording_day,loso,2,2,400,200,0.6698999999999999,0.63,20260716
Ma2020,4,ts_lr,recording_day,forward_expanding,1,1,200,200,0.6969,0.6,20260716
Ma2020,4,ts_lr,recording_day,loso,1,2,400,200,0.7646,0.685,20260716
Ma2020,4,ts_lr,recording_day,forward_expanding,2,2,400,200,0.6675,0.625,20260716
Ma2020,4,ts_lr,recording_day,loso,2,2,400,200,0.6675,0.625,20260716
Ma2020,5,csp_lda,recording_day,forward_expanding,1,1,200,200,0.6665000000000001,0.59,20260716
Ma2020,5,csp_lda,recording_day,loso,1,2,400,200,0.7092,0.64,20260716
Ma2020,5,csp_lda,recording_day,forward_expanding,2,2,400,200,0.7397,0.7050000000000001,20260716
Ma2020,5,csp_lda,recording_day,loso,2,2,400,200,0.7397,0.7050000000000001,20260716
Ma2020,5,ts_lr,recording_day,forward_expanding,1,1,200,200,0.7309000000000002,0.66,20260716
Ma2020,5,ts_lr,recording_day,loso,1,2,400,200,0.8151,0.73,20260716
Ma2020,5,ts_lr,recording_day,forward_expanding,2,2,400,200,0.8246,0.74,20260716
Ma2020,5,ts_lr,recording_day,loso,2,2,400,200,0.8246,0.74,20260716
Ma2020,6,csp_lda,recording_day,forward_expanding,1,1,200,200,0.5718000000000001,0.515,20260716
Ma2020,6,csp_lda,recording_day,loso,1,2,400,200,0.5879000000000001,0.54,20260716
Ma2020,6,csp_lda,recording_day,forward_expanding,2,2,400,200,0.584,0.505,20260716
Ma2020,6,csp_lda,recording_day,loso,2,2,400,200,0.584,0.505,20260716
Ma2020,6,ts_lr,recording_day,forward_expanding,1,1,200,200,0.7006,0.635,20260716
Ma2020,6,ts_lr,recording_day,loso,1,2,400,200,0.7394000000000001,0.685,20260716
Ma2020,6,ts_lr,recording_day,forward_expanding,2,2,400,200,0.7409,0.71,20260716
Ma2020,6,ts_lr,recording_day,loso,2,2,400,200,0.7409,0.71,20260716
Ma2020,7,csp_lda,recording_day,forward_expanding,1,1,200,200,0.5362,0.51,20260716
Ma2020,7,csp_lda,recording_day,loso,1,2,400,200,0.5086,0.49,20260716
Ma2020,7,csp_lda,recording_day,forward_expanding,2,2,400,200,0.5473,0.5,20260716
Ma2020,7,csp_lda,recording_day,loso,2,2,400,200,0.5473,0.5,20260716
Ma2020,7,ts_lr,recording_day,forward_expanding,1,1,200,200,0.7962,0.63,20260716
Ma2020,7,ts_lr,recording_day,loso,1,2,400,200,0.8282,0.74,20260716
Ma2020,7,ts_lr,recording_day,forward_expanding,2,2,400,200,0.7685,0.715,20260716
Ma2020,7,ts_lr,recording_day,loso,2,2,400,200,0.7685,0.715,20260716
Ma2020,8,csp_lda,recording_day,forward_expanding,1,1,200,200,0.5408000000000001,0.54,20260716
Ma2020,8,csp_lda,recording_day,loso,1,2,400,200,0.5252000000000001,0.53,20260716
Ma2020,8,csp_lda,recording_day,forward_expanding,2,2,400,200,0.5053000000000001,0.51,20260716
Ma2020,8,csp_lda,recording_day,loso,2,2,400,200,0.5053000000000001,0.51,20260716
Ma2020,8,ts_lr,recording_day,forward_expanding,1,1,200,200,0.6326999999999999,0.615,20260716
Ma2020,8,ts_lr,recording_day,loso,1,2,400,200,0.5930000000000001,0.55,20260716
Ma2020,8,ts_lr,recording_day,forward_expanding,2,2,400,200,0.5463,0.545,20260716
Ma2020,8,ts_lr,recording_day,loso,2,2,400,200,0.5463,0.545,20260716
Ma2020,9,csp_lda,recording_day,forward_expanding,1,1,200,200,0.6936,0.65,20260716
Ma2020,9,csp_lda,recording_day,loso,1,2,400,200,0.7006,0.63,20260716
Ma2020,9,csp_lda,recording_day,forward_expanding,2,2,400,200,0.6476999999999999,0.55,20260716
Ma2020,9,csp_lda,recording_day,loso,2,2,400,200,0.6476999999999999,0.55,20260716
Ma2020,9,ts_lr,recording_day,forward_expanding,1,1,200,200,0.7075,0.6499999999999999,20260716
Ma2020,9,ts_lr,recording_day,loso,1,2,400,200,0.7889,0.73,20260716
Ma2020,9,ts_lr,recording_day,forward_expanding,2,2,400,200,0.7805000000000001,0.72,20260716
Ma2020,9,ts_lr,recording_day,loso,2,2,400,200,0.7805000000000001,0.72,20260716
Ma2020,10,csp_lda,recording_day,forward_expanding,1,1,200,200,0.7770999999999999,0.67,20260716
Ma2020,10,csp_lda,recording_day,loso,1,2,400,200,0.7782,0.675,20260716
Ma2020,10,csp_lda,recording_day,forward_expanding,2,2,400,200,0.7803,0.755,20260716
Ma2020,10,csp_lda,recording_day,loso,2,2,400,200,0.7803,0.755,20260716
Ma2020,10,ts_lr,recording_day,forward_expanding,1,1,200,200,0.8258,0.75,20260716
Ma2020,10,ts_lr,recording_day,loso,1,2,400,200,0.8578,0.74,20260716
Ma2020,10,ts_lr,recording_day,forward_expanding,2,2,400,200,0.8406,0.79,20260716
Ma2020,10,ts_lr,recording_day,loso,2,2,400,200,0.8406,0.79,20260716
Ma2020,11,csp_lda,recording_day,forward_expanding,1,1,200,200,0.46900000000000003,0.485,20260716
Ma2020,11,csp_lda,recording_day,loso,1,2,400,200,0.5146,0.515,20260716
Ma2020,11,csp_lda,recording_day,forward_expanding,2,2,400,200,0.49350000000000005,0.52,20260716
Ma2020,11,csp_lda,recording_day,loso,2,2,400,200,0.49350000000000005,0.52,20260716
Ma2020,11,ts_lr,recording_day,forward_expanding,1,1,200,200,0.4924,0.49,20260716
Ma2020,11,ts_lr,recording_day,loso,1,2,400,200,0.5124,0.49,20260716
Ma2020,11,ts_lr,recording_day,forward_expanding,2,2,400,200,0.531,0.51,20260716
Ma2020,11,ts_lr,recording_day,loso,2,2,400,200,0.531,0.51,20260716
Ma2020,12,csp_lda,recording_day,forward_expanding,1,1,200,200,0.6824000000000001,0.635,20260716
Ma2020,12,csp_lda,recording_day,loso,1,2,400,200,0.6697,0.605,20260716
Ma2020,12,csp_lda,recording_day,forward_expanding,2,2,400,200,0.6123,0.575,20260716
Ma2020,12,csp_lda,recording_day,loso,2,2,400,200,0.6123,0.575,20260716
Ma2020,12,ts_lr,recording_day,forward_expanding,1,1,200,200,0.7359,0.6799999999999999,20260716
Ma2020,12,ts_lr,recording_day,loso,1,2,400,200,0.7682,0.6950000000000001,20260716
Ma2020,12,ts_lr,recording_day,forward_expanding,2,2,400,200,0.6839999999999999,0.63,20260716
Ma2020,12,ts_lr,recording_day,loso,2,2,400,200,0.6839999999999999,0.63,20260716
Ma2020,13,csp_lda,recording_day,forward_expanding,1,1,200,200,0.6462000000000001,0.575,20260716
Ma2020,13,csp_lda,recording_day,loso,1,2,400,200,0.6197,0.5800000000000001,20260716
Ma2020,13,csp_lda,recording_day,forward_expanding,2,2,400,200,0.6133,0.515,20260716
Ma2020,13,csp_lda,recording_day,loso,2,2,400,200,0.6133,0.515,20260716
Ma2020,13,ts_lr,recording_day,forward_expanding,1,1,200,200,0.746,0.685,20260716
Ma2020,13,ts_lr,recording_day,loso,1,2,400,200,0.7287,0.6599999999999999,20260716
Ma2020,13,ts_lr,recording_day,forward_expanding,2,2,400,200,0.6626000000000001,0.5,20260716
Ma2020,13,ts_lr,recording_day,loso,2,2,400,200,0.6626000000000001,0.5,20260716
Ma2020,14,csp_lda,recording_day,forward_expanding,1,1,200,200,0.6423,0.585,20260716
Ma2020,14,csp_lda,recording_day,loso,1,2,400,200,0.7838,0.7050000000000001,20260716
Ma2020,14,csp_lda,recording_day,forward_expanding,2,2,400,200,0.6820999999999999,0.515,20260716
Ma2020,14,csp_lda,recording_day,loso,2,2,400,200,0.6820999999999999,0.515,20260716
Ma2020,14,ts_lr,recording_day,forward_expanding,1,1,200,200,0.7557999999999999,0.69,20260716
Ma2020,14,ts_lr,recording_day,loso,1,2,400,200,0.7852999999999999,0.685,20260716
Ma2020,14,ts_lr,recording_day,forward_expanding,2,2,400,200,0.7851000000000001,0.665,20260716
Ma2020,14,ts_lr,recording_day,loso,2,2,400,200,0.7851000000000001,0.665,20260716
Ma2020,15,csp_lda,recording_day,forward_expanding,1,1,200,200,0.7701,0.685,20260716
Ma2020,15,csp_lda,recording_day,loso,1,2,400,200,0.7794,0.72,20260716
Ma2020,15,csp_lda,recording_day,forward_expanding,2,2,400,200,0.6482,0.62,20260716
Ma2020,15,csp_lda,recording_day,loso,2,2,400,200,0.6482,0.62,20260716
Ma2020,15,ts_lr,recording_day,forward_expanding,1,1,200,200,0.8018000000000001,0.7,20260716
Ma2020,15,ts_lr,recording_day,loso,1,2,400,200,0.7851,0.73,20260716
Ma2020,15,ts_lr,recording_day,forward_expanding,2,2,400,200,0.7261000000000001,0.67,20260716
Ma2020,15,ts_lr,recording_day,loso,2,2,400,200,0.7261000000000001,0.67,20260716
Ma2020,16,csp_lda,recording_day,forward_expanding,1,1,200,200,0.7316999999999999,0.63,20260716
Ma2020,16,csp_lda,recording_day,loso,1,2,400,200,0.7359000000000001,0.6499999999999999,20260716
Ma2020,16,csp_lda,recording_day,forward_expanding,2,2,400,200,0.699,0.635,20260716
Ma2020,16,csp_lda,recording_day,loso,2,2,400,200,0.699,0.635,20260716
Ma2020,16,ts_lr,recording_day,forward_expanding,1,1,200,200,0.7653000000000001,0.7150000000000001,20260716
Ma2020,16,ts_lr,recording_day,loso,1,2,400,200,0.7596,0.7,20260716
Ma2020,16,ts_lr,recording_day,forward_expanding,2,2,400,200,0.7275000000000001,0.6699999999999999,20260716
Ma2020,16,ts_lr,recording_day,loso,2,2,400,200,0.7275000000000001,0.6699999999999999,20260716
Ma2020,17,csp_lda,recording_day,forward_expanding,1,1,200,200,0.5091000000000001,0.5,20260716
Ma2020,17,csp_lda,recording_day,loso,1,2,400,200,0.6438,0.555,20260716
Ma2020,17,csp_lda,recording_day,forward_expanding,2,2,400,200,0.7368,0.66,20260716
Ma2020,17,csp_lda,recording_day,loso,2,2,400,200,0.7368,0.66,20260716
Ma2020,17,ts_lr,recording_day,forward_expanding,1,1,200,200,0.6263,0.565,20260716
Ma2020,17,ts_lr,recording_day,loso,1,2,400,200,0.7513,0.6799999999999999,20260716
Ma2020,17,ts_lr,recording_day,forward_expanding,2,2,400,200,0.7519,0.655,20260716
Ma2020,17,ts_lr,recording_day,loso,2,2,400,200,0.7519,0.655,20260716
Ma2020,18,csp_lda,recording_day,forward_expanding,1,1,200,200,0.5518000000000001,0.57,20260716
Ma2020,18,csp_lda,recording_day,loso,1,2,400,200,0.5624,0.565,20260716
Ma2020,18,csp_lda,recording_day,forward_expanding,2,2,400,200,0.5337000000000001,0.51,20260716
Ma2020,18,csp_lda,recording_day,loso,2,2,400,200,0.5337000000000001,0.51,20260716
Ma2020,18,ts_lr,recording_day,forward_expanding,1,1,200,200,0.5972000000000001,0.5700000000000001,20260716
Ma2020,18,ts_lr,recording_day,loso,1,2,400,200,0.5677,0.52,20260716
Ma2020,18,ts_lr,recording_day,forward_expanding,2,2,400,200,0.5375000000000001,0.525,20260716
Ma2020,18,ts_lr,recording_day,loso,2,2,400,200,0.5375000000000001,0.525,20260716
Ma2020,19,csp_lda,recording_day,forward_expanding,1,1,200,200,0.5001,0.515,20260716
Ma2020,19,csp_lda,recording_day,loso,1,2,400,200,0.5506,0.515,20260716
Ma2020,19,csp_lda,recording_day,forward_expanding,2,2,400,200,0.5725,0.545,20260716
Ma2020,19,csp_lda,recording_day,loso,2,2,400,200,0.5725,0.545,20260716
Ma2020,19,ts_lr,recording_day,forward_expanding,1,1,200,200,0.48950000000000005,0.5,20260716
Ma2020,19,ts_lr,recording_day,loso,1,2,400,200,0.5517,0.5499999999999999,20260716
Ma2020,19,ts_lr,recording_day,forward_expanding,2,2,400,200,0.575,0.55,20260716
Ma2020,19,ts_lr,recording_day,loso,2,2,400,200,0.575,0.55,20260716
Ma2020,20,csp_lda,recording_day,forward_expanding,1,1,200,200,0.6438000000000001,0.6000000000000001,20260716
Ma2020,20,csp_lda,recording_day,loso,1,2,400,200,0.6674,0.605,20260716
Ma2020,20,csp_lda,recording_day,forward_expanding,2,2,400,200,0.6774,0.63,20260716
Ma2020,20,csp_lda,recording_day,loso,2,2,400,200,0.6774,0.63,20260716
Ma2020,20,ts_lr,recording_day,forward_expanding,1,1,200,200,0.6926,0.6799999999999999,20260716
Ma2020,20,ts_lr,recording_day,loso,1,2,400,200,0.7845000000000001,0.73,20260716
Ma2020,20,ts_lr,recording_day,forward_expanding,2,2,400,200,0.8091,0.73,20260716
Ma2020,20,ts_lr,recording_day,loso,2,2,400,200,0.8091,0.73,20260716
Ma2020,21,csp_lda,recording_day,forward_expanding,1,1,200,200,0.5299,0.51,20260716
Ma2020,21,csp_lda,recording_day,loso,1,2,400,200,0.7976,0.68,20260716
Ma2020,21,csp_lda,recording_day,forward_expanding,2,2,400,200,0.6344,0.5900000000000001,20260716
Ma2020,21,csp_lda,recording_day,loso,2,2,400,200,0.6344,0.5900000000000001,20260716
Ma2020,21,ts_lr,recording_day,forward_expanding,1,1,200,200,0.6957999999999999,0.6599999999999999,20260716
Ma2020,21,ts_lr,recording_day,loso,1,2,400,200,0.7541,0.64,20260716
Ma2020,21,ts_lr,recording_day,forward_expanding,2,2,400,200,0.7353,0.665,20260716
Ma2020,21,ts_lr,recording_day,loso,2,2,400,200,0.7353,0.665,20260716
Ma2020,22,csp_lda,recording_day,forward_expanding,1,1,200,200,0.394,0.405,20260716
Ma2020,22,csp_lda,recording_day,loso,1,2,400,200,0.5982000000000001,0.565,20260716
Ma2020,22,csp_lda,recording_day,forward_expanding,2,2,400,200,0.5132000000000001,0.53,20260716
Ma2020,22,csp_lda,recording_day,loso,2,2,400,200,0.5132000000000001,0.53,20260716
Ma2020,22,ts_lr,recording_day,forward_expanding,1,1,200,200,0.5752,0.575,20260716
Ma2020,22,ts_lr,recording_day,loso,1,2,400,200,0.6182000000000001,0.5900000000000001,20260716
Ma2020,22,ts_lr,recording_day,forward_expanding,2,2,400,200,0.6347,0.595,20260716
Ma2020,22,ts_lr,recording_day,loso,2,2,400,200,0.6347,0.595,20260716
Ma2020,23,csp_lda,recording_day,forward_expanding,1,1,200,200,0.6012000000000001,0.555,20260716
Ma2020,23,csp_lda,recording_day,loso,1,2,400,200,0.5958,0.56,20260716
Ma2020,23,csp_lda,recording_day,forward_expanding,2,2,400,200,0.7051000000000001,0.625,20260716
Ma2020,23,csp_lda,recording_day,loso,2,2,400,200,0.7051000000000001,0.625,20260716
Ma2020,23,ts_lr,recording_day,forward_expanding,1,1,200,200,0.6752,0.595,20260716
Ma2020,23,ts_lr,recording_day,loso,1,2,400,200,0.7566,0.665,20260716
Ma2020,23,ts_lr,recording_day,forward_expanding,2,2,400,200,0.7188,0.645,20260716
Ma2020,23,ts_lr,recording_day,loso,2,2,400,200,0.7188,0.645,20260716
Ma2020,24,csp_lda,recording_day,forward_expanding,1,1,200,200,0.8604999999999999,0.74,20260716
Ma2020,24,csp_lda,recording_day,loso,1,2,400,200,0.8725,0.75,20260716
Ma2020,24,csp_lda,recording_day,forward_expanding,2,2,400,200,0.9086000000000001,0.815,20260716
Ma2020,24,csp_lda,recording_day,loso,2,2,400,200,0.9086000000000001,0.815,20260716
Ma2020,24,ts_lr,recording_day,forward_expanding,1,1,200,200,0.8672,0.7749999999999999,20260716
Ma2020,24,ts_lr,recording_day,loso,1,2,400,200,0.8772,0.79,20260716
Ma2020,24,ts_lr,recording_day,forward_expanding,2,2,400,200,0.9059,0.84,20260716
Ma2020,24,ts_lr,recording_day,loso,2,2,400,200,0.9059,0.84,20260716
Ma2020,25,csp_lda,recording_day,forward_expanding,1,1,200,200,0.744,0.6599999999999999,20260716
Ma2020,25,csp_lda,recording_day,loso,1,2,400,200,0.7424,0.675,20260716
Ma2020,25,csp_lda,recording_day,forward_expanding,2,2,400,200,0.7541,0.695,20260716
Ma2020,25,csp_lda,recording_day,loso,2,2,400,200,0.7541,0.695,20260716
Ma2020,25,ts_lr,recording_day,forward_expanding,1,1,200,200,0.6979,0.635,20260716
Ma2020,25,ts_lr,recording_day,loso,1,2,400,200,0.7988,0.7150000000000001,20260716
Ma2020,25,ts_lr,recording_day,forward_expanding,2,2,400,200,0.7791999999999999,0.7050000000000001,20260716
Ma2020,25,ts_lr,recording_day,loso,2,2,400,200,0.7791999999999999,0.7050000000000001,20260716
