score,time,samples,samples_test,n_classes,subject,session,channels,n_sessions,dataset,pipeline,protocol,target_session
0.69416666,0.04853517,120.0,120.0,2.0,1,1train,3,5,BNCI2014-004,TS+LR,forward_expanding,1
0.87296873,0.037851874,240.0,160.0,2.0,1,2train,3,5,BNCI2014-004,TS+LR,forward_expanding,2
0.939375,0.055536374,400.0,160.0,2.0,1,3test,3,5,BNCI2014-004,TS+LR,forward_expanding,3
0.7571875,0.08519842,560.0,160.0,2.0,1,4test,3,5,BNCI2014-004,TS+LR,forward_expanding,4
0.615,0.020246126,120.0,120.0,2.0,2,1train,3,5,BNCI2014-004,TS+LR,forward_expanding,1
0.5846875,0.030528666,240.0,160.0,2.0,2,2train,3,5,BNCI2014-004,TS+LR,forward_expanding,2
0.6313889,0.07529725,400.0,120.0,2.0,2,3test,3,5,BNCI2014-004,TS+LR,forward_expanding,3
0.6115625,0.070000626,520.0,160.0,2.0,2,4test,3,5,BNCI2014-004,TS+LR,forward_expanding,4
0.6563889,0.020704582,120.0,120.0,2.0,3,1train,3,5,BNCI2014-004,TS+LR,forward_expanding,1
0.5492188,0.04542404,240.0,160.0,2.0,3,2train,3,5,BNCI2014-004,TS+LR,forward_expanding,2
0.6153125,0.07161838,400.0,160.0,2.0,3,3test,3,5,BNCI2014-004,TS+LR,forward_expanding,3
0.52703124,0.08432675,560.0,160.0,2.0,3,4test,3,5,BNCI2014-004,TS+LR,forward_expanding,4
0.9714286,0.015758459,120.0,140.0,2.0,4,1train,3,5,BNCI2014-004,TS+LR,forward_expanding,1
0.9971875,0.04109946,260.0,160.0,2.0,4,2train,3,5,BNCI2014-004,TS+LR,forward_expanding,2
0.99296874,0.067935586,420.0,160.0,2.0,4,3test,3,5,BNCI2014-004,TS+LR,forward_expanding,3
0.9742187,0.09703696,580.0,160.0,2.0,4,4test,3,5,BNCI2014-004,TS+LR,forward_expanding,4
0.8832653,0.016146334,120.0,140.0,2.0,5,1train,3,5,BNCI2014-004,TS+LR,forward_expanding,1
0.9075,0.046655416,260.0,160.0,2.0,5,2train,3,5,BNCI2014-004,TS+LR,forward_expanding,2
0.9270313,0.0556135,420.0,160.0,2.0,5,3test,3,5,BNCI2014-004,TS+LR,forward_expanding,3
0.8329688,0.09089004,580.0,160.0,2.0,5,4test,3,5,BNCI2014-004,TS+LR,forward_expanding,4
0.85055554,0.015775708,120.0,120.0,2.0,6,1train,3,5,BNCI2014-004,TS+LR,forward_expanding,1
0.85625,0.031043291,240.0,160.0,2.0,6,2train,3,5,BNCI2014-004,TS+LR,forward_expanding,2
0.881875,0.07111417,400.0,160.0,2.0,6,3test,3,5,BNCI2014-004,TS+LR,forward_expanding,3
0.92625,0.08415571,560.0,160.0,2.0,6,4test,3,5,BNCI2014-004,TS+LR,forward_expanding,4
0.6397222,0.015828418,120.0,120.0,2.0,7,1train,3,5,BNCI2014-004,TS+LR,forward_expanding,1
0.9065625,0.030944167,240.0,160.0,2.0,7,2train,3,5,BNCI2014-004,TS+LR,forward_expanding,2
0.7809375,0.05696542,400.0,160.0,2.0,7,3test,3,5,BNCI2014-004,TS+LR,forward_expanding,3
0.86375,0.08248596,560.0,160.0,2.0,7,4test,3,5,BNCI2014-004,TS+LR,forward_expanding,4
0.6844444,0.026318166,160.0,120.0,2.0,8,1train,3,5,BNCI2014-004,TS+LR,forward_expanding,1
0.9090625,0.05625525,280.0,160.0,2.0,8,2train,3,5,BNCI2014-004,TS+LR,forward_expanding,2
0.9242188,0.06925621,440.0,160.0,2.0,8,3test,3,5,BNCI2014-004,TS+LR,forward_expanding,3
0.98578125,0.10073621,600.0,160.0,2.0,8,4test,3,5,BNCI2014-004,TS+LR,forward_expanding,4
0.68583333,0.021173,120.0,120.0,2.0,9,1train,3,5,BNCI2014-004,TS+LR,forward_expanding,1
0.87390625,0.033730336,240.0,160.0,2.0,9,2train,3,5,BNCI2014-004,TS+LR,forward_expanding,2
0.90203124,0.06543608,400.0,160.0,2.0,9,3test,3,5,BNCI2014-004,TS+LR,forward_expanding,3
0.8696875,0.08341108,560.0,160.0,2.0,9,4test,3,5,BNCI2014-004,TS+LR,forward_expanding,4
0.7047222,0.022436583,120.0,120.0,2.0,1,1train,3,5,BNCI2014-004,CSP+LDA,forward_expanding,1
0.855625,0.045704376,240.0,160.0,2.0,1,2train,3,5,BNCI2014-004,CSP+LDA,forward_expanding,2
0.93390626,0.045502294,400.0,160.0,2.0,1,3test,3,5,BNCI2014-004,CSP+LDA,forward_expanding,3
0.75453126,0.04794783,560.0,160.0,2.0,1,4test,3,5,BNCI2014-004,CSP+LDA,forward_expanding,4
0.6075,0.019605167,120.0,120.0,2.0,2,1train,3,5,BNCI2014-004,CSP+LDA,forward_expanding,1
0.51359373,0.013416416,240.0,160.0,2.0,2,2train,3,5,BNCI2014-004,CSP+LDA,forward_expanding,2
0.5911111,0.021577833,400.0,120.0,2.0,2,3test,3,5,BNCI2014-004,CSP+LDA,forward_expanding,3
0.62328124,0.036588,520.0,160.0,2.0,2,4test,3,5,BNCI2014-004,CSP+LDA,forward_expanding,4
0.63222224,0.011433917,120.0,120.0,2.0,3,1train,3,5,BNCI2014-004,CSP+LDA,forward_expanding,1
0.52140623,0.020507166,240.0,160.0,2.0,3,2train,3,5,BNCI2014-004,CSP+LDA,forward_expanding,2
0.5971875,0.025374625,400.0,160.0,2.0,3,3test,3,5,BNCI2014-004,CSP+LDA,forward_expanding,3
0.55078125,0.027276834,560.0,160.0,2.0,3,4test,3,5,BNCI2014-004,CSP+LDA,forward_expanding,4
0.9689796,0.008936208,120.0,140.0,2.0,4,1train,3,5,BNCI2014-004,CSP+LDA,forward_expanding,1
0.996875,0.0425005,260.0,160.0,2.0,4,2train,3,5,BNCI2014-004,CSP+LDA,forward_expanding,2
0.9921875,0.031836793,420.0,160.0,2.0,4,3test,3,5,BNCI2014-004,CSP+LDA,forward_expanding,3
0.97765625,0.035505164,580.0,160.0,2.0,4,4test,3,5,BNCI2014-004,CSP+LDA,forward_expanding,4
0.89081633,0.010402542,120.0,140.0,2.0,5,1train,3,5,BNCI2014-004,CSP+LDA,forward_expanding,1
0.9065625,0.015508292,260.0,160.0,2.0,5,2train,3,5,BNCI2014-004,CSP+LDA,forward_expanding,2
0.91796875,0.03713129,420.0,160.0,2.0,5,3test,3,5,BNCI2014-004,CSP+LDA,forward_expanding,3
0.83234376,0.031810082,580.0,160.0,2.0,5,4test,3,5,BNCI2014-004,CSP+LDA,forward_expanding,4
0.7191667,0.008203334,120.0,120.0,2.0,6,1train,3,5,BNCI2014-004,CSP+LDA,forward_expanding,1
0.7975,0.01384525,240.0,160.0,2.0,6,2train,3,5,BNCI2014-004,CSP+LDA,forward_expanding,2
0.8851563,0.020148374,400.0,160.0,2.0,6,3test,3,5,BNCI2014-004,CSP+LDA,forward_expanding,3
0.9401562,0.050543875,560.0,160.0,2.0,6,4test,3,5,BNCI2014-004,CSP+LDA,forward_expanding,4
0.5966667,0.017443793,120.0,120.0,2.0,7,1train,3,5,BNCI2014-004,CSP+LDA,forward_expanding,1
0.764375,0.016041458,240.0,160.0,2.0,7,2train,3,5,BNCI2014-004,CSP+LDA,forward_expanding,2
0.75734377,0.02776225,400.0,160.0,2.0,7,3test,3,5,BNCI2014-004,CSP+LDA,forward_expanding,3
0.8690625,0.027797583,560.0,160.0,2.0,7,4test,3,5,BNCI2014-004,CSP+LDA,forward_expanding,4
0.60638887,0.015695,160.0,120.0,2.0,8,1train,3,5,BNCI2014-004,CSP+LDA,forward_expanding,1
0.81203127,0.019313,280.0,160.0,2.0,8,2train,3,5,BNCI2014-004,CSP+LDA,forward_expanding,2
0.93609375,0.050543915,440.0,160.0,2.0,8,3test,3,5,BNCI2014-004,CSP+LDA,forward_expanding,3
0.985625,0.04001825,600.0,160.0,2.0,8,4test,3,5,BNCI2014-004,CSP+LDA,forward_expanding,4
0.6383333,0.007680959,120.0,120.0,2.0,9,1train,3,5,BNCI2014-004,CSP+LDA,forward_expanding,1
0.8021875,0.012910125,240.0,160.0,2.0,9,2train,3,5,BNCI2014-004,CSP+LDA,forward_expanding,2
0.893125,0.019494917,400.0,160.0,2.0,9,3test,3,5,BNCI2014-004,CSP+LDA,forward_expanding,3
0.8634375,0.032843582,560.0,160.0,2.0,9,4test,3,5,BNCI2014-004,CSP+LDA,forward_expanding,4
0.7927778,0.087697834,600.0,120.0,2.0,1,0train,3,5,BNCI2014-004,TS+LR,loso,0
0.7008333,0.083637625,600.0,120.0,2.0,1,1train,3,5,BNCI2014-004,TS+LR,loso,1
0.87890625,0.10039029,560.0,160.0,2.0,1,2train,3,5,BNCI2014-004,TS+LR,loso,2
0.92921877,0.090686,560.0,160.0,2.0,1,3test,3,5,BNCI2014-004,TS+LR,loso,3
0.7571875,0.086545706,560.0,160.0,2.0,1,4test,3,5,BNCI2014-004,TS+LR,loso,4
0.64305556,0.08983696,560.0,120.0,2.0,2,0train,3,5,BNCI2014-004,TS+LR,loso,0
0.62333333,0.088792376,560.0,120.0,2.0,2,1train,3,5,BNCI2014-004,TS+LR,loso,1
0.60484374,0.08380542,520.0,160.0,2.0,2,2train,3,5,BNCI2014-004,TS+LR,loso,2
0.6052778,0.107583664,560.0,120.0,2.0,2,3test,3,5,BNCI2014-004,TS+LR,loso,3
0.6115625,0.09284921,520.0,160.0,2.0,2,4test,3,5,BNCI2014-004,TS+LR,loso,4
0.62916666,0.0945645,600.0,120.0,2.0,3,0train,3,5,BNCI2014-004,TS+LR,loso,0
0.62833333,0.08877196,600.0,120.0,2.0,3,1train,3,5,BNCI2014-004,TS+LR,loso,1
0.54015625,0.089225665,560.0,160.0,2.0,3,2train,3,5,BNCI2014-004,TS+LR,loso,2
0.634375,0.08643112,560.0,160.0,2.0,3,3test,3,5,BNCI2014-004,TS+LR,loso,3
0.52703124,0.09286517,560.0,160.0,2.0,3,4test,3,5,BNCI2014-004,TS+LR,loso,4
0.94305557,0.09669329,620.0,120.0,2.0,4,0train,3,5,BNCI2014-004,TS+LR,loso,0
0.9753061,0.08221658,600.0,140.0,2.0,4,1train,3,5,BNCI2014-004,TS+LR,loso,1
0.998125,0.10591954,580.0,160.0,2.0,4,2train,3,5,BNCI2014-004,TS+LR,loso,2
0.9928125,0.10043983,580.0,160.0,2.0,4,3test,3,5,BNCI2014-004,TS+LR,loso,3
0.9742187,0.09456379,580.0,160.0,2.0,4,4test,3,5,BNCI2014-004,TS+LR,loso,4
0.6975,0.09502338,620.0,120.0,2.0,5,0train,3,5,BNCI2014-004,TS+LR,loso,0
0.8667347,0.089626126,600.0,140.0,2.0,5,1train,3,5,BNCI2014-004,TS+LR,loso,1
0.9234375,0.11082179,580.0,160.0,2.0,5,2train,3,5,BNCI2014-004,TS+LR,loso,2
0.923125,0.07290141,580.0,160.0,2.0,5,3test,3,5,BNCI2014-004,TS+LR,loso,3
0.8329688,0.10280329,580.0,160.0,2.0,5,4test,3,5,BNCI2014-004,TS+LR,loso,4
0.80972224,0.1017705,600.0,120.0,2.0,6,0train,3,5,BNCI2014-004,TS+LR,loso,0
0.8377778,0.098943874,600.0,120.0,2.0,6,1train,3,5,BNCI2014-004,TS+LR,loso,1
0.874375,0.09021875,560.0,160.0,2.0,6,2train,3,5,BNCI2014-004,TS+LR,loso,2
0.88390625,0.08967242,560.0,160.0,2.0,6,3test,3,5,BNCI2014-004,TS+LR,loso,3
0.92625,0.085918665,560.0,160.0,2.0,6,4test,3,5,BNCI2014-004,TS+LR,loso,4
0.6336111,0.082919545,600.0,120.0,2.0,7,0train,3,5,BNCI2014-004,TS+LR,loso,0
0.62027776,0.08315363,600.0,120.0,2.0,7,1train,3,5,BNCI2014-004,TS+LR,loso,1
0.93171877,0.09789287,560.0,160.0,2.0,7,2train,3,5,BNCI2014-004,TS+LR,loso,2
0.780625,0.08567492,560.0,160.0,2.0,7,3test,3,5,BNCI2014-004,TS+LR,loso,3
0.86375,0.069244124,560.0,160.0,2.0,7,4test,3,5,BNCI2014-004,TS+LR,loso,4
0.6148437,0.097768836,600.0,160.0,2.0,8,0train,3,5,BNCI2014-004,TS+LR,loso,0
0.7102778,0.0926515,640.0,120.0,2.0,8,1train,3,5,BNCI2014-004,TS+LR,loso,1
0.9351562,0.115418874,600.0,160.0,2.0,8,2train,3,5,BNCI2014-004,TS+LR,loso,2
0.9265625,0.09025479,600.0,160.0,2.0,8,3test,3,5,BNCI2014-004,TS+LR,loso,3
0.98578125,0.100883044,600.0,160.0,2.0,8,4test,3,5,BNCI2014-004,TS+LR,loso,4
0.7722222,0.10540429,600.0,120.0,2.0,9,0train,3,5,BNCI2014-004,TS+LR,loso,0
0.695,0.09177854,600.0,120.0,2.0,9,1train,3,5,BNCI2014-004,TS+LR,loso,1
0.8751562,0.10400725,560.0,160.0,2.0,9,2train,3,5,BNCI2014-004,TS+LR,loso,2
0.89265627,0.0834545,560.0,160.0,2.0,9,3test,3,5,BNCI2014-004,TS+LR,loso,3
0.8696875,0.10571546,560.0,160.0,2.0,9,4test,3,5,BNCI2014-004,TS+LR,loso,4
0.80138886,0.034830876,600.0,120.0,2.0,1,0train,3,5,BNCI2014-004,CSP+LDA,loso,0
0.715,0.03503946,600.0,120.0,2.0,1,1train,3,5,BNCI2014-004,CSP+LDA,loso,1
0.86125,0.029673042,560.0,160.0,2.0,1,2train,3,5,BNCI2014-004,CSP+LDA,loso,2
0.928125,0.053204667,560.0,160.0,2.0,1,3test,3,5,BNCI2014-004,CSP+LDA,loso,3
0.75453126,0.052116416,560.0,160.0,2.0,1,4test,3,5,BNCI2014-004,CSP+LDA,loso,4
0.6722222,0.03428725,560.0,120.0,2.0,2,0train,3,5,BNCI2014-004,CSP+LDA,loso,0
0.60833335,0.03990496,560.0,120.0,2.0,2,1train,3,5,BNCI2014-004,CSP+LDA,loso,1
0.5290625,0.025821166,520.0,160.0,2.0,2,2train,3,5,BNCI2014-004,CSP+LDA,loso,2
0.5822222,0.033827666,560.0,120.0,2.0,2,3test,3,5,BNCI2014-004,CSP+LDA,loso,3
0.62328124,0.024903541,520.0,160.0,2.0,2,4test,3,5,BNCI2014-004,CSP+LDA,loso,4
0.54833335,0.03319533,600.0,120.0,2.0,3,0train,3,5,BNCI2014-004,CSP+LDA,loso,0
0.5177778,0.033944916,600.0,120.0,2.0,3,1train,3,5,BNCI2014-004,CSP+LDA,loso,1
0.5289062,0.030860292,560.0,160.0,2.0,3,2train,3,5,BNCI2014-004,CSP+LDA,loso,2
0.47609374,0.028161334,560.0,160.0,2.0,3,3test,3,5,BNCI2014-004,CSP+LDA,loso,3
0.55078125,0.036550876,560.0,160.0,2.0,3,4test,3,5,BNCI2014-004,CSP+LDA,loso,4
0.9475,0.045103665,620.0,120.0,2.0,4,0train,3,5,BNCI2014-004,CSP+LDA,loso,0
0.96734697,0.04476821,600.0,140.0,2.0,4,1train,3,5,BNCI2014-004,CSP+LDA,loso,1
0.9984375,0.03396404,580.0,160.0,2.0,4,2train,3,5,BNCI2014-004,CSP+LDA,loso,2
0.9920313,0.0308325,580.0,160.0,2.0,4,3test,3,5,BNCI2014-004,CSP+LDA,loso,3
0.97765625,0.027369458,580.0,160.0,2.0,4,4test,3,5,BNCI2014-004,CSP+LDA,loso,4
0.69777775,0.044304043,620.0,120.0,2.0,5,0train,3,5,BNCI2014-004,CSP+LDA,loso,0
0.8765306,0.031727877,600.0,140.0,2.0,5,1train,3,5,BNCI2014-004,CSP+LDA,loso,1
0.9220312,0.0381305,580.0,160.0,2.0,5,2train,3,5,BNCI2014-004,CSP+LDA,loso,2
0.9178125,0.028964,580.0,160.0,2.0,5,3test,3,5,BNCI2014-004,CSP+LDA,loso,3
0.83234376,0.04624829,580.0,160.0,2.0,5,4test,3,5,BNCI2014-004,CSP+LDA,loso,4
0.7977778,0.037675124,600.0,120.0,2.0,6,0train,3,5,BNCI2014-004,CSP+LDA,loso,0
0.8313889,0.036888625,600.0,120.0,2.0,6,1train,3,5,BNCI2014-004,CSP+LDA,loso,1
0.86015624,0.04630825,560.0,160.0,2.0,6,2train,3,5,BNCI2014-004,CSP+LDA,loso,2
0.8825,0.050883666,560.0,160.0,2.0,6,3test,3,5,BNCI2014-004,CSP+LDA,loso,3
0.9401562,0.040297832,560.0,160.0,2.0,6,4test,3,5,BNCI2014-004,CSP+LDA,loso,4
0.5986111,0.028749209,600.0,120.0,2.0,7,0train,3,5,BNCI2014-004,CSP+LDA,loso,0
0.57805556,0.028714376,600.0,120.0,2.0,7,1train,3,5,BNCI2014-004,CSP+LDA,loso,1
0.911875,0.048751123,560.0,160.0,2.0,7,2train,3,5,BNCI2014-004,CSP+LDA,loso,2
0.759375,0.029881584,560.0,160.0,2.0,7,3test,3,5,BNCI2014-004,CSP+LDA,loso,3
0.8690625,0.04054604,560.0,160.0,2.0,7,4test,3,5,BNCI2014-004,CSP+LDA,loso,4
0.6142188,0.03494954,600.0,160.0,2.0,8,0train,3,5,BNCI2014-004,CSP+LDA,loso,0
0.6791667,0.032833874,640.0,120.0,2.0,8,1train,3,5,BNCI2014-004,CSP+LDA,loso,1
0.93359375,0.028658915,600.0,160.0,2.0,8,2train,3,5,BNCI2014-004,CSP+LDA,loso,2
0.9373438,0.053944293,600.0,160.0,2.0,8,3test,3,5,BNCI2014-004,CSP+LDA,loso,3
0.985625,0.028564082,600.0,160.0,2.0,8,4test,3,5,BNCI2014-004,CSP+LDA,loso,4
0.7536111,0.036689874,600.0,120.0,2.0,9,0train,3,5,BNCI2014-004,CSP+LDA,loso,0
0.70055556,0.06225167,600.0,120.0,2.0,9,1train,3,5,BNCI2014-004,CSP+LDA,loso,1
0.87109375,0.0279905,560.0,160.0,2.0,9,2train,3,5,BNCI2014-004,CSP+LDA,loso,2
0.88984376,0.05027179,560.0,160.0,2.0,9,3test,3,5,BNCI2014-004,CSP+LDA,loso,3
0.8634375,0.038821332,560.0,160.0,2.0,9,4test,3,5,BNCI2014-004,CSP+LDA,loso,4
