score,time,samples,samples_test,n_classes,subject,session,channels,n_sessions,dataset,pipeline,protocol,target_session,auc,_merge,abs_diff
,,,,,1,,,,,CSP+LDA,first_session,1,0.7044444444444444,right_only,
,,,,,1,,,,,CSP+LDA,first_session,2,0.8440624999999999,right_only,
,,,,,1,,,,,CSP+LDA,first_session,3,0.9196875,right_only,
,,,,,1,,,,,CSP+LDA,first_session,4,0.72421875,right_only,
0.7047222,0.022436583,120.0,120.0,2.0,1,1train,3.0,5.0,BNCI2014-004,CSP+LDA,forward_expanding,1,0.7044444444444444,both,0.0002777812216017139
0.855625,0.045704376,240.0,160.0,2.0,1,2train,3.0,5.0,BNCI2014-004,CSP+LDA,forward_expanding,2,0.85640625,both,0.0007812762260437367
0.93390626,0.045502294,400.0,160.0,2.0,1,3test,3.0,5.0,BNCI2014-004,CSP+LDA,forward_expanding,3,0.9340625,both,0.00015624284744264472
0.75453126,0.04794783,560.0,160.0,2.0,1,4test,3.0,5.0,BNCI2014-004,CSP+LDA,forward_expanding,4,0.75296875,both,0.0015625143051147816
,,,,,1,,,,,CSP+LDA,last_session,1,0.7044444444444444,right_only,
,,,,,1,,,,,CSP+LDA,last_session,2,0.67625,right_only,
,,,,,1,,,,,CSP+LDA,last_session,3,0.94953125,right_only,
,,,,,1,,,,,CSP+LDA,last_session,4,0.7654687499999999,right_only,
0.80138886,0.034830876,600.0,120.0,2.0,1,0train,3.0,5.0,BNCI2014-004,CSP+LDA,loso,0,0.801111111111111,both,0.0002777486377293359
0.715,0.03503946,600.0,120.0,2.0,1,1train,3.0,5.0,BNCI2014-004,CSP+LDA,loso,1,0.7147222222222221,both,0.0002777515517341511
0.86125,0.029673042,560.0,160.0,2.0,1,2train,3.0,5.0,BNCI2014-004,CSP+LDA,loso,2,0.86109375,both,0.00015623331069947177
0.928125,0.053204667,560.0,160.0,2.0,1,3test,3.0,5.0,BNCI2014-004,CSP+LDA,loso,3,0.9290625,both,0.0009374761581421032
0.75453126,0.052116416,560.0,160.0,2.0,1,4test,3.0,5.0,BNCI2014-004,CSP+LDA,loso,4,0.75296875,both,0.0015625143051147816
,,,,,1,,,,,TS+LR,first_session,1,0.6944444444444445,right_only,
,,,,,1,,,,,TS+LR,first_session,2,0.8273437499999999,right_only,
,,,,,1,,,,,TS+LR,first_session,3,0.90328125,right_only,
,,,,,1,,,,,TS+LR,first_session,4,0.7065625,right_only,
0.69416666,0.04853517,120.0,120.0,2.0,1,1train,3.0,5.0,BNCI2014-004,TS+LR,forward_expanding,1,0.6944444444444445,both,0.00027778413560664017
0.87296873,0.037851874,240.0,160.0,2.0,1,2train,3.0,5.0,BNCI2014-004,TS+LR,forward_expanding,2,0.8725,both,0.0004687333106994096
0.939375,0.055536374,400.0,160.0,2.0,1,3test,3.0,5.0,BNCI2014-004,TS+LR,forward_expanding,3,0.94,both,0.0006250166893004838
0.7571875,0.08519842,560.0,160.0,2.0,1,4test,3.0,5.0,BNCI2014-004,TS+LR,forward_expanding,4,0.7568750000000001,both,0.0003124856948851784
,,,,,1,,,,,TS+LR,last_session,1,0.6944444444444445,right_only,
,,,,,1,,,,,TS+LR,last_session,2,0.859375,right_only,
,,,,,1,,,,,TS+LR,last_session,3,0.931875,right_only,
,,,,,1,,,,,TS+LR,last_session,4,0.77578125,right_only,
0.7927778,0.087697834,600.0,120.0,2.0,1,0train,3.0,5.0,BNCI2014-004,TS+LR,loso,0,0.7927777777777778,both,1.0596381549987655e-09
0.7008333,0.083637625,600.0,120.0,2.0,1,1train,3.0,5.0,BNCI2014-004,TS+LR,loso,1,0.6986111111111111,both,0.0022222095065647096
0.87890625,0.10039029,560.0,160.0,2.0,1,2train,3.0,5.0,BNCI2014-004,TS+LR,loso,2,0.878125,both,0.0007812499999999556
0.92921877,0.090686,560.0,160.0,2.0,1,3test,3.0,5.0,BNCI2014-004,TS+LR,loso,3,0.9290625,both,0.0001562690734863148
0.7571875,0.086545706,560.0,160.0,2.0,1,4test,3.0,5.0,BNCI2014-004,TS+LR,loso,4,0.7568750000000001,both,0.0003124856948851784
,,,,,2,,,,,CSP+LDA,first_session,1,0.605,right_only,
,,,,,2,,,,,CSP+LDA,first_session,2,0.5142187500000001,right_only,
,,,,,2,,,,,CSP+LDA,first_session,3,0.5977777777777777,right_only,
,,,,,2,,,,,CSP+LDA,first_session,4,0.5743750000000001,right_only,
0.6075,0.019605167,120.0,120.0,2.0,2,1train,3.0,5.0,BNCI2014-004,CSP+LDA,forward_expanding,1,0.605,both,0.002500016689300555
0.51359373,0.013416416,240.0,160.0,2.0,2,2train,3.0,5.0,BNCI2014-004,CSP+LDA,forward_expanding,2,0.5159375,both,0.002343766689300586
0.5911111,0.021577833,400.0,120.0,2.0,2,3test,3.0,5.0,BNCI2014-004,CSP+LDA,forward_expanding,3,0.5930555555555556,both,0.0019444319936964272
0.62328124,0.036588,520.0,160.0,2.0,2,4test,3.0,5.0,BNCI2014-004,CSP+LDA,forward_expanding,4,0.61953125,both,0.003749990463256858
,,,,,2,,,,,CSP+LDA,last_session,1,0.605,right_only,
,,,,,2,,,,,CSP+LDA,last_session,2,0.52078125,right_only,
,,,,,2,,,,,CSP+LDA,last_session,3,0.6013888888888889,right_only,
,,,,,2,,,,,CSP+LDA,last_session,4,0.57171875,right_only,
0.6722222,0.03428725,560.0,120.0,2.0,2,0train,3.0,5.0,BNCI2014-004,CSP+LDA,loso,0,0.6716666666666667,both,0.0005555303891499053
0.60833335,0.03990496,560.0,120.0,2.0,2,1train,3.0,5.0,BNCI2014-004,CSP+LDA,loso,1,0.6088888888888889,both,0.0005555396609836505
0.5290625,0.025821166,520.0,160.0,2.0,2,2train,3.0,5.0,BNCI2014-004,CSP+LDA,loso,2,0.53125,both,0.002187490463256836
0.5822222,0.033827666,560.0,120.0,2.0,2,3test,3.0,5.0,BNCI2014-004,CSP+LDA,loso,3,0.5794444444444444,both,0.002777778837415923
0.62328124,0.024903541,520.0,160.0,2.0,2,4test,3.0,5.0,BNCI2014-004,CSP+LDA,loso,4,0.61953125,both,0.003749990463256858
,,,,,2,,,,,TS+LR,first_session,1,0.6172222222222222,right_only,
,,,,,2,,,,,TS+LR,first_session,2,0.5589062499999999,right_only,
,,,,,2,,,,,TS+LR,first_session,3,0.6361111111111111,right_only,
,,,,,2,,,,,TS+LR,first_session,4,0.5874999999999999,right_only,
0.615,0.020246126,120.0,120.0,2.0,2,1train,3.0,5.0,BNCI2014-004,TS+LR,forward_expanding,1,0.6172222222222222,both,0.0022222126854790636
0.5846875,0.030528666,240.0,160.0,2.0,2,2train,3.0,5.0,BNCI2014-004,TS+LR,forward_expanding,2,0.5850000000000001,both,0.0003125286102295677
0.6313889,0.07529725,400.0,120.0,2.0,2,3test,3.0,5.0,BNCI2014-004,TS+LR,forward_expanding,3,0.6308333333333334,both,0.0005555693308512133
0.6115625,0.070000626,520.0,160.0,2.0,2,4test,3.0,5.0,BNCI2014-004,TS+LR,forward_expanding,4,0.60890625,both,0.0026562404632568537
,,,,,2,,,,,TS+LR,last_session,1,0.6172222222222222,right_only,
,,,,,2,,,,,TS+LR,last_session,2,0.54015625,right_only,
,,,,,2,,,,,TS+LR,last_session,3,0.6116666666666668,right_only,
,,,,,2,,,,,TS+LR,last_session,4,0.5753124999999999,right_only,
0.64305556,0.08983696,560.0,120.0,2.0,2,0train,3.0,5.0,BNCI2014-004,TS+LR,loso,0,0.6444444444444445,both,0.0013888862397936075
0.62333333,0.088792376,560.0,120.0,2.0,2,1train,3.0,5.0,BNCI2014-004,TS+LR,loso,1,0.6230555555555556,both,0.0002777793672349427
0.60484374,0.08380542,520.0,160.0,2.0,2,2train,3.0,5.0,BNCI2014-004,TS+LR,loso,2,0.604375,both,0.00046873569488525835
0.6052778,0.107583664,560.0,120.0,2.0,2,3test,3.0,5.0,BNCI2014-004,TS+LR,loso,3,0.6058333333333333,both,0.0005555566151936864
0.6115625,0.09284921,520.0,160.0,2.0,2,4test,3.0,5.0,BNCI2014-004,TS+LR,loso,4,0.60890625,both,0.0026562404632568537
,,,,,3,,,,,CSP+LDA,first_session,1,0.6327777777777777,right_only,
,,,,,3,,,,,CSP+LDA,first_session,2,0.5237499999999999,right_only,
,,,,,3,,,,,CSP+LDA,first_session,3,0.6214062499999999,right_only,
,,,,,3,,,,,CSP+LDA,first_session,4,0.49171875,right_only,
0.63222224,0.011433917,120.0,120.0,2.0,3,1train,3.0,5.0,BNCI2014-004,CSP+LDA,forward_expanding,1,0.6327777777777777,both,0.0005555425749883547
0.52140623,0.020507166,240.0,160.0,2.0,3,2train,3.0,5.0,BNCI2014-004,CSP+LDA,forward_expanding,2,0.5203125,both,0.0010937333106995073
0.5971875,0.025374625,400.0,160.0,2.0,3,3test,3.0,5.0,BNCI2014-004,CSP+LDA,forward_expanding,3,0.5979687499999999,both,0.0007812309265136097
0.55078125,0.027276834,560.0,160.0,2.0,3,4test,3.0,5.0,BNCI2014-004,CSP+LDA,forward_expanding,4,0.5484374999999999,both,0.002343750000000089
,,,,,3,,,,,CSP+LDA,last_session,1,0.6327777777777777,right_only,
,,,,,3,,,,,CSP+LDA,last_session,2,0.54875,right_only,
,,,,,3,,,,,CSP+LDA,last_session,3,0.5378124999999999,right_only,
,,,,,3,,,,,CSP+LDA,last_session,4,0.5193749999999999,right_only,
0.54833335,0.03319533,600.0,120.0,2.0,3,0train,3.0,5.0,BNCI2014-004,CSP+LDA,loso,0,0.5497222222222221,both,0.0013888753785026298
0.5177778,0.033944916,600.0,120.0,2.0,3,1train,3.0,5.0,BNCI2014-004,CSP+LDA,loso,1,0.5163888888888888,both,0.0013889116711087723
0.5289062,0.030860292,560.0,160.0,2.0,3,2train,3.0,5.0,BNCI2014-004,CSP+LDA,loso,2,0.52828125,both,0.0006249761581420543
0.47609374,0.028161334,560.0,160.0,2.0,3,3test,3.0,5.0,BNCI2014-004,CSP+LDA,loso,3,0.4753124999999999,both,0.0007812392711640248
0.55078125,0.036550876,560.0,160.0,2.0,3,4test,3.0,5.0,BNCI2014-004,CSP+LDA,loso,4,0.5484374999999999,both,0.002343750000000089
,,,,,3,,,,,TS+LR,first_session,1,0.656388888888889,right_only,
,,,,,3,,,,,TS+LR,first_session,2,0.5540625,right_only,
,,,,,3,,,,,TS+LR,first_session,3,0.5921875,right_only,
,,,,,3,,,,,TS+LR,first_session,4,0.545625,right_only,
0.6563889,0.020704582,120.0,120.0,2.0,3,1train,3.0,5.0,BNCI2014-004,TS+LR,forward_expanding,1,0.656388888888889,both,1.006656236146597e-08
0.5492188,0.04542404,240.0,160.0,2.0,3,2train,3.0,5.0,BNCI2014-004,TS+LR,forward_expanding,2,0.550625,both,0.001406226158142121
0.6153125,0.07161838,400.0,160.0,2.0,3,3test,3.0,5.0,BNCI2014-004,TS+LR,forward_expanding,3,0.61328125,both,0.002031266689300537
0.52703124,0.08432675,560.0,160.0,2.0,3,4test,3.0,5.0,BNCI2014-004,TS+LR,forward_expanding,4,0.5265625,both,0.00046874284744258254
,,,,,3,,,,,TS+LR,last_session,1,0.656388888888889,right_only,
,,,,,3,,,,,TS+LR,last_session,2,0.54515625,right_only,
,,,,,3,,,,,TS+LR,last_session,3,0.5671875,right_only,
,,,,,3,,,,,TS+LR,last_session,4,0.5596875,right_only,
0.62916666,0.0945645,600.0,120.0,2.0,3,0train,3.0,5.0,BNCI2014-004,TS+LR,loso,0,0.6302777777777778,both,0.001111115084754144
0.62833333,0.08877196,600.0,120.0,2.0,3,1train,3.0,5.0,BNCI2014-004,TS+LR,loso,1,0.6269444444444445,both,0.001388885709974419
0.54015625,0.089225665,560.0,160.0,2.0,3,2train,3.0,5.0,BNCI2014-004,TS+LR,loso,2,0.54046875,both,0.0003125047683716353
0.634375,0.08643112,560.0,160.0,2.0,3,3test,3.0,5.0,BNCI2014-004,TS+LR,loso,3,0.6342187499999999,both,0.00015622615814214758
0.52703124,0.09286517,560.0,160.0,2.0,3,4test,3.0,5.0,BNCI2014-004,TS+LR,loso,4,0.5265625,both,0.00046874284744258254
,,,,,4,,,,,CSP+LDA,first_session,1,0.9689795918367348,right_only,
,,,,,4,,,,,CSP+LDA,first_session,2,0.99625,right_only,
,,,,,4,,,,,CSP+LDA,first_session,3,0.99125,right_only,
,,,,,4,,,,,CSP+LDA,first_session,4,0.9721875,right_only,
0.9689796,0.008936208,120.0,140.0,2.0,4,1train,3.0,5.0,BNCI2014-004,CSP+LDA,forward_expanding,1,0.9689795918367348,both,5.25494003866811e-09
0.996875,0.0425005,260.0,160.0,2.0,4,2train,3.0,5.0,BNCI2014-004,CSP+LDA,forward_expanding,2,0.996875,both,1.1920928910669204e-08
0.9921875,0.031836793,420.0,160.0,2.0,4,3test,3.0,5.0,BNCI2014-004,CSP+LDA,forward_expanding,3,0.9921875,both,0.0
0.97765625,0.035505164,580.0,160.0,2.0,4,4test,3.0,5.0,BNCI2014-004,CSP+LDA,forward_expanding,4,0.9771875,both,0.0004687452316284313
,,,,,4,,,,,CSP+LDA,last_session,1,0.9689795918367348,right_only,
,,,,,4,,,,,CSP+LDA,last_session,2,0.9975,right_only,
,,,,,4,,,,,CSP+LDA,last_session,3,0.9940625,right_only,
,,,,,4,,,,,CSP+LDA,last_session,4,0.97953125,right_only,
0.9475,0.045103665,620.0,120.0,2.0,4,0train,3.0,5.0,BNCI2014-004,CSP+LDA,loso,0,0.9455555555555556,both,0.0019444349077012424
0.96734697,0.04476821,600.0,140.0,2.0,4,1train,3.0,5.0,BNCI2014-004,CSP+LDA,loso,1,0.9675510204081632,both,0.00020405414153112922
0.9984375,0.03396404,580.0,160.0,2.0,4,2train,3.0,5.0,BNCI2014-004,CSP+LDA,loso,2,0.9984375,both,2.384185793236071e-08
0.9920313,0.0308325,580.0,160.0,2.0,4,3test,3.0,5.0,BNCI2014-004,CSP+LDA,loso,3,0.99203125,both,2.622604367008563e-08
0.97765625,0.027369458,580.0,160.0,2.0,4,4test,3.0,5.0,BNCI2014-004,CSP+LDA,loso,4,0.9771875,both,0.0004687452316284313
,,,,,4,,,,,TS+LR,first_session,1,0.9712244897959184,right_only,
,,,,,4,,,,,TS+LR,first_session,2,0.9975,right_only,
,,,,,4,,,,,TS+LR,first_session,3,0.9925,right_only,
,,,,,4,,,,,TS+LR,first_session,4,0.9746875,right_only,
0.9714286,0.015758459,120.0,140.0,2.0,4,1train,3.0,5.0,BNCI2014-004,TS+LR,forward_expanding,1,0.9712244897959184,both,0.0002040833356429239
0.9971875,0.04109946,260.0,160.0,2.0,4,2train,3.0,5.0,BNCI2014-004,TS+LR,forward_expanding,2,0.99703125,both,0.00015624523162838244
0.99296874,0.067935586,420.0,160.0,2.0,4,3test,3.0,5.0,BNCI2014-004,TS+LR,forward_expanding,3,0.99296875,both,1.1920928910669204e-08
0.9742187,0.09703696,580.0,160.0,2.0,4,4test,3.0,5.0,BNCI2014-004,TS+LR,forward_expanding,4,0.9740625,both,0.00015622615814203655
,,,,,4,,,,,TS+LR,last_session,1,0.9712244897959184,right_only,
,,,,,4,,,,,TS+LR,last_session,2,0.99734375,right_only,
,,,,,4,,,,,TS+LR,last_session,3,0.99375,right_only,
,,,,,4,,,,,TS+LR,last_session,4,0.98140625,right_only,
0.94305557,0.09669329,620.0,120.0,2.0,4,0train,3.0,5.0,BNCI2014-004,TS+LR,loso,0,0.9425,both,0.0005555701255798295
0.9753061,0.08221658,600.0,140.0,2.0,4,1train,3.0,5.0,BNCI2014-004,TS+LR,loso,1,0.9753061224489796,both,2.8756200087798334e-08
0.998125,0.10591954,580.0,160.0,2.0,4,2train,3.0,5.0,BNCI2014-004,TS+LR,loso,2,0.99796875,both,0.00015626668930057708
0.9928125,0.10043983,580.0,160.0,2.0,4,3test,3.0,5.0,BNCI2014-004,TS+LR,loso,3,0.9928125,both,1.4305114759416426e-08
0.9742187,0.09456379,580.0,160.0,2.0,4,4test,3.0,5.0,BNCI2014-004,TS+LR,loso,4,0.9740625,both,0.00015622615814203655
,,,,,5,,,,,CSP+LDA,first_session,1,0.889795918367347,right_only,
,,,,,5,,,,,CSP+LDA,first_session,2,0.9146875,right_only,
,,,,,5,,,,,CSP+LDA,first_session,3,0.9134375,right_only,
,,,,,5,,,,,CSP+LDA,first_session,4,0.8346875000000001,right_only,
0.89081633,0.010402542,120.0,140.0,2.0,5,1train,3.0,5.0,BNCI2014-004,CSP+LDA,forward_expanding,1,0.889795918367347,both,0.0010204125423820543
0.9065625,0.015508292,260.0,160.0,2.0,5,2train,3.0,5.0,BNCI2014-004,CSP+LDA,forward_expanding,2,0.90609375,both,0.00046875715255734196
0.91796875,0.03713129,420.0,160.0,2.0,5,3test,3.0,5.0,BNCI2014-004,CSP+LDA,forward_expanding,3,0.91859375,both,0.0006249999999999867
0.83234376,0.031810082,580.0,160.0,2.0,5,4test,3.0,5.0,BNCI2014-004,CSP+LDA,forward_expanding,4,0.8309375,both,0.0014062571525573775
,,,,,5,,,,,CSP+LDA,last_session,1,0.889795918367347,right_only,
,,,,,5,,,,,CSP+LDA,last_session,2,0.90625,right_only,
,,,,,5,,,,,CSP+LDA,last_session,3,0.928125,right_only,
,,,,,5,,,,,CSP+LDA,last_session,4,0.8214062500000001,right_only,
0.69777775,0.044304043,620.0,120.0,2.0,5,0train,3.0,5.0,BNCI2014-004,CSP+LDA,loso,0,0.6969444444444444,both,0.0008333036634657898
0.8765306,0.031727877,600.0,140.0,2.0,5,1train,3.0,5.0,BNCI2014-004,CSP+LDA,loso,1,0.8759183673469387,both,0.0006122203262485248
0.9220312,0.0381305,580.0,160.0,2.0,5,2train,3.0,5.0,BNCI2014-004,CSP+LDA,loso,2,0.9215625,both,0.0004687237739563477
0.9178125,0.028964,580.0,160.0,2.0,5,3test,3.0,5.0,BNCI2014-004,CSP+LDA,loso,3,0.91734375,both,0.00046877622604368785
0.83234376,0.04624829,580.0,160.0,2.0,5,4test,3.0,5.0,BNCI2014-004,CSP+LDA,loso,4,0.8309375,both,0.0014062571525573775
,,,,,5,,,,,TS+LR,first_session,1,0.8814285714285715,right_only,
,,,,,5,,,,,TS+LR,first_session,2,0.91765625,right_only,
,,,,,5,,,,,TS+LR,first_session,3,0.914375,right_only,
,,,,,5,,,,,TS+LR,first_session,4,0.8320312499999999,right_only,
0.8832653,0.016146334,120.0,140.0,2.0,5,1train,3.0,5.0,BNCI2014-004,TS+LR,forward_expanding,1,0.8814285714285715,both,0.0018367450577871924
0.9075,0.046655416,260.0,160.0,2.0,5,2train,3.0,5.0,BNCI2014-004,TS+LR,forward_expanding,2,0.90734375,both,0.00015627861022948775
0.9270313,0.0556135,420.0,160.0,2.0,5,3test,3.0,5.0,BNCI2014-004,TS+LR,forward_expanding,3,0.92703125,both,2.8610229518832853e-08
0.8329688,0.09089004,580.0,160.0,2.0,5,4test,3.0,5.0,BNCI2014-004,TS+LR,forward_expanding,4,0.8309375000000001,both,0.0020312714576720126
,,,,,5,,,,,TS+LR,last_session,1,0.8814285714285715,right_only,
,,,,,5,,,,,TS+LR,last_session,2,0.910625,right_only,
,,,,,5,,,,,TS+LR,last_session,3,0.934375,right_only,
,,,,,5,,,,,TS+LR,last_session,4,0.828125,right_only,
0.6975,0.09502338,620.0,120.0,2.0,5,0train,3.0,5.0,BNCI2014-004,TS+LR,loso,0,0.6975,both,9.536743172944284e-09
0.8667347,0.089626126,600.0,140.0,2.0,5,1train,3.0,5.0,BNCI2014-004,TS+LR,loso,1,0.8657142857142857,both,0.001020397799355699
0.9234375,0.11082179,580.0,160.0,2.0,5,2train,3.0,5.0,BNCI2014-004,TS+LR,loso,2,0.92265625,both,0.0007812261581421343
0.923125,0.07290141,580.0,160.0,2.0,5,3test,3.0,5.0,BNCI2014-004,TS+LR,loso,3,0.92359375,both,0.00046872138977049893
0.8329688,0.10280329,580.0,160.0,2.0,5,4test,3.0,5.0,BNCI2014-004,TS+LR,loso,4,0.8309375000000001,both,0.0020312714576720126
,,,,,6,,,,,CSP+LDA,first_session,1,0.7191666666666667,right_only,
,,,,,6,,,,,CSP+LDA,first_session,2,0.7096875000000001,right_only,
,,,,,6,,,,,CSP+LDA,first_session,3,0.685625,right_only,
,,,,,6,,,,,CSP+LDA,first_session,4,0.6940625,right_only,
0.7191667,0.008203334,120.0,120.0,2.0,6,1train,3.0,5.0,BNCI2014-004,CSP+LDA,forward_expanding,1,0.7191666666666667,both,2.9404958024059624e-08
0.7975,0.01384525,240.0,160.0,2.0,6,2train,3.0,5.0,BNCI2014-004,CSP+LDA,forward_expanding,2,0.7975,both,1.4305114759416426e-08
0.8851563,0.020148374,400.0,160.0,2.0,6,3test,3.0,5.0,BNCI2014-004,CSP+LDA,forward_expanding,3,0.884375,both,0.000781273841857888
0.9401562,0.050543875,560.0,160.0,2.0,6,4test,3.0,5.0,BNCI2014-004,CSP+LDA,forward_expanding,4,0.9409375,both,0.0007812786102294744
,,,,,6,,,,,CSP+LDA,last_session,1,0.7191666666666667,right_only,
,,,,,6,,,,,CSP+LDA,last_session,2,0.70984375,right_only,
,,,,,6,,,,,CSP+LDA,last_session,3,0.8446875,right_only,
,,,,,6,,,,,CSP+LDA,last_session,4,0.940625,right_only,
0.7977778,0.037675124,600.0,120.0,2.0,6,0train,3.0,5.0,BNCI2014-004,CSP+LDA,loso,0,0.7977777777777778,both,5.8280097414709076e-09
0.8313889,0.036888625,600.0,120.0,2.0,6,1train,3.0,5.0,BNCI2014-004,CSP+LDA,loso,1,0.8319444444444444,both,0.0005555537011887601
0.86015624,0.04630825,560.0,160.0,2.0,6,2train,3.0,5.0,BNCI2014-004,CSP+LDA,loso,2,0.8620312499999999,both,0.0018750119209288707
0.8825,0.050883666,560.0,160.0,2.0,6,3test,3.0,5.0,BNCI2014-004,CSP+LDA,loso,3,0.88203125,both,0.00046874284744258254
0.9401562,0.040297832,560.0,160.0,2.0,6,4test,3.0,5.0,BNCI2014-004,CSP+LDA,loso,4,0.9409375,both,0.0007812786102294744
,,,,,6,,,,,TS+LR,first_session,1,0.8497222222222222,right_only,
,,,,,6,,,,,TS+LR,first_session,2,0.8617187500000001,right_only,
,,,,,6,,,,,TS+LR,first_session,3,0.870625,right_only,
,,,,,6,,,,,TS+LR,first_session,4,0.914375,right_only,
0.85055554,0.015775708,120.0,120.0,2.0,6,1train,3.0,5.0,BNCI2014-004,TS+LR,forward_expanding,1,0.8497222222222222,both,0.0008333169089423942
0.85625,0.031043291,240.0,160.0,2.0,6,2train,3.0,5.0,BNCI2014-004,TS+LR,forward_expanding,2,0.85703125,both,0.0007812619209289773
0.881875,0.07111417,400.0,160.0,2.0,6,3test,3.0,5.0,BNCI2014-004,TS+LR,forward_expanding,3,0.88015625,both,0.0017187285423279075
0.92625,0.08415571,560.0,160.0,2.0,6,4test,3.0,5.0,BNCI2014-004,TS+LR,forward_expanding,4,0.9259375,both,0.00031248092651370296
,,,,,6,,,,,TS+LR,last_session,1,0.8497222222222222,right_only,
,,,,,6,,,,,TS+LR,last_session,2,0.8421875000000001,right_only,
,,,,,6,,,,,TS+LR,last_session,3,0.8857812500000001,right_only,
,,,,,6,,,,,TS+LR,last_session,4,0.93921875,right_only,
0.80972224,0.1017705,600.0,120.0,2.0,6,0train,3.0,5.0,BNCI2014-004,TS+LR,loso,0,0.8099999999999999,both,0.00027775526046747157
0.8377778,0.098943874,600.0,120.0,2.0,6,1train,3.0,5.0,BNCI2014-004,TS+LR,loso,1,0.8380555555555556,both,0.00027776214811536803
0.874375,0.09021875,560.0,160.0,2.0,6,2train,3.0,5.0,BNCI2014-004,TS+LR,loso,2,0.8759375,both,0.0015625143051147816
0.88390625,0.08967242,560.0,160.0,2.0,6,3test,3.0,5.0,BNCI2014-004,TS+LR,loso,3,0.88296875,both,0.0009374952316284491
0.92625,0.085918665,560.0,160.0,2.0,6,4test,3.0,5.0,BNCI2014-004,TS+LR,loso,4,0.9259375,both,0.00031248092651370296
,,,,,7,,,,,CSP+LDA,first_session,1,0.5972222222222222,right_only,
,,,,,7,,,,,CSP+LDA,first_session,2,0.89234375,right_only,
,,,,,7,,,,,CSP+LDA,first_session,3,0.74546875,right_only,
,,,,,7,,,,,CSP+LDA,first_session,4,0.846875,right_only,
0.5966667,0.017443793,120.0,120.0,2.0,7,1train,3.0,5.0,BNCI2014-004,CSP+LDA,forward_expanding,1,0.5972222222222222,both,0.000555528534783245
0.764375,0.016041458,240.0,160.0,2.0,7,2train,3.0,5.0,BNCI2014-004,CSP+LDA,forward_expanding,2,0.7634374999999999,both,0.0009374713897706277
0.75734377,0.02776225,400.0,160.0,2.0,7,3test,3.0,5.0,BNCI2014-004,CSP+LDA,forward_expanding,3,0.7567187500000001,both,0.0006250190734862215
0.8690625,0.027797583,560.0,160.0,2.0,7,4test,3.0,5.0,BNCI2014-004,CSP+LDA,forward_expanding,4,0.86828125,both,0.0007812333106994584
,,,,,7,,,,,CSP+LDA,last_session,1,0.5972222222222222,right_only,
,,,,,7,,,,,CSP+LDA,last_session,2,0.76515625,right_only,
,,,,,7,,,,,CSP+LDA,last_session,3,0.7506250000000001,right_only,
,,,,,7,,,,,CSP+LDA,last_session,4,0.80625,right_only,
0.5986111,0.028749209,600.0,120.0,2.0,7,0train,3.0,5.0,BNCI2014-004,CSP+LDA,loso,0,0.5986111111111111,both,5.298190663971525e-09
0.57805556,0.028714376,600.0,120.0,2.0,7,1train,3.0,5.0,BNCI2014-004,CSP+LDA,loso,1,0.5769444444444444,both,0.001111116144392299
0.911875,0.048751123,560.0,160.0,2.0,7,2train,3.0,5.0,BNCI2014-004,CSP+LDA,loso,2,0.91109375,both,0.0007812595367431285
0.759375,0.029881584,560.0,160.0,2.0,7,3test,3.0,5.0,BNCI2014-004,CSP+LDA,loso,3,0.7578125,both,0.0015624761581420898
0.8690625,0.04054604,560.0,160.0,2.0,7,4test,3.0,5.0,BNCI2014-004,CSP+LDA,loso,4,0.86828125,both,0.0007812333106994584
,,,,,7,,,,,TS+LR,first_session,1,0.6397222222222222,right_only,
,,,,,7,,,,,TS+LR,first_session,2,0.89515625,right_only,
,,,,,7,,,,,TS+LR,first_session,3,0.735625,right_only,
,,,,,7,,,,,TS+LR,first_session,4,0.8123437499999999,right_only,
0.6397222,0.015828418,120.0,120.0,2.0,7,1train,3.0,5.0,BNCI2014-004,TS+LR,forward_expanding,1,0.6397222222222222,both,5.8280097414709076e-09
0.9065625,0.030944167,240.0,160.0,2.0,7,2train,3.0,5.0,BNCI2014-004,TS+LR,forward_expanding,2,0.90765625,both,0.0010937428474426802
0.7809375,0.05696542,400.0,160.0,2.0,7,3test,3.0,5.0,BNCI2014-004,TS+LR,forward_expanding,3,0.7796875,both,0.0012499928474426492
0.86375,0.08248596,560.0,160.0,2.0,7,4test,3.0,5.0,BNCI2014-004,TS+LR,forward_expanding,4,0.8634375,both,0.00031248092651370296
,,,,,7,,,,,TS+LR,last_session,1,0.6397222222222222,right_only,
,,,,,7,,,,,TS+LR,last_session,2,0.92453125,right_only,
,,,,,7,,,,,TS+LR,last_session,3,0.77625,right_only,
,,,,,7,,,,,TS+LR,last_session,4,0.8678125,right_only,
0.6336111,0.082919545,600.0,120.0,2.0,7,0train,3.0,5.0,BNCI2014-004,TS+LR,loso,0,0.6322222222222221,both,0.0013888608084785536
0.62027776,0.08315363,600.0,120.0,2.0,7,1train,3.0,5.0,BNCI2014-004,TS+LR,loso,1,0.6194444444444445,both,0.0008333179685804382
0.93171877,0.09789287,560.0,160.0,2.0,7,2train,3.0,5.0,BNCI2014-004,TS+LR,loso,2,0.93109375,both,0.0006250166893004838
0.780625,0.08567492,560.0,160.0,2.0,7,3test,3.0,5.0,BNCI2014-004,TS+LR,loso,3,0.779375,both,0.001249985694885214
0.86375,0.069244124,560.0,160.0,2.0,7,4test,3.0,5.0,BNCI2014-004,TS+LR,loso,4,0.8634375,both,0.00031248092651370296
,,,,,8,,,,,CSP+LDA,first_session,1,0.6050000000000001,right_only,
,,,,,8,,,,,CSP+LDA,first_session,2,0.80046875,right_only,
,,,,,8,,,,,CSP+LDA,first_session,3,0.803125,right_only,
,,,,,8,,,,,CSP+LDA,first_session,4,0.90953125,right_only,
0.60638887,0.015695,160.0,120.0,2.0,8,1train,3.0,5.0,BNCI2014-004,CSP+LDA,forward_expanding,1,0.6050000000000001,both,0.0013888669013976118
0.81203127,0.019313,280.0,160.0,2.0,8,2train,3.0,5.0,BNCI2014-004,CSP+LDA,forward_expanding,2,0.81109375,both,0.0009375190734863814
0.93609375,0.050543915,440.0,160.0,2.0,8,3test,3.0,5.0,BNCI2014-004,CSP+LDA,forward_expanding,3,0.93578125,both,0.0003124976158142001
0.985625,0.04001825,600.0,160.0,2.0,8,4test,3.0,5.0,BNCI2014-004,CSP+LDA,forward_expanding,4,0.9859375,both,0.00031247138977053
,,,,,8,,,,,CSP+LDA,last_session,1,0.6050000000000001,right_only,
,,,,,8,,,,,CSP+LDA,last_session,2,0.9290625,right_only,
,,,,,8,,,,,CSP+LDA,last_session,3,0.93484375,right_only,
,,,,,8,,,,,CSP+LDA,last_session,4,0.98671875,right_only,
0.6142188,0.03494954,600.0,160.0,2.0,8,0train,3.0,5.0,BNCI2014-004,CSP+LDA,loso,0,0.61390625,both,0.00031252145767213246
0.6791667,0.032833874,640.0,120.0,2.0,8,1train,3.0,5.0,BNCI2014-004,CSP+LDA,loso,1,0.68,both,0.0008333253860474121
0.93359375,0.028658915,600.0,160.0,2.0,8,2train,3.0,5.0,BNCI2014-004,CSP+LDA,loso,2,0.93390625,both,0.00031250000000004885
0.9373438,0.053944293,600.0,160.0,2.0,8,3test,3.0,5.0,BNCI2014-004,CSP+LDA,loso,3,0.93734375,both,2.622604367008563e-08
0.985625,0.028564082,600.0,160.0,2.0,8,4test,3.0,5.0,BNCI2014-004,CSP+LDA,loso,4,0.9859375,both,0.00031247138977053
,,,,,8,,,,,TS+LR,first_session,1,0.6827777777777777,right_only,
,,,,,8,,,,,TS+LR,first_session,2,0.88734375,right_only,
,,,,,8,,,,,TS+LR,first_session,3,0.8820312499999999,right_only,
,,,,,8,,,,,TS+LR,first_session,4,0.96046875,right_only,
0.6844444,0.026318166,160.0,120.0,2.0,8,1train,3.0,5.0,BNCI2014-004,TS+LR,forward_expanding,1,0.6827777777777777,both,0.0016666497124566693
0.9090625,0.05625525,280.0,160.0,2.0,8,2train,3.0,5.0,BNCI2014-004,TS+LR,forward_expanding,2,0.90875,both,0.0003125047683716353
0.9242188,0.06925621,440.0,160.0,2.0,8,3test,3.0,5.0,BNCI2014-004,TS+LR,forward_expanding,3,0.9234375,both,0.000781273841857888
0.98578125,0.10073621,600.0,160.0,2.0,8,4test,3.0,5.0,BNCI2014-004,TS+LR,forward_expanding,4,0.98546875,both,0.0003125023841857866
,,,,,8,,,,,TS+LR,last_session,1,0.6827777777777777,right_only,
,,,,,8,,,,,TS+LR,last_session,2,0.9096875,right_only,
,,,,,8,,,,,TS+LR,last_session,3,0.9365625,right_only,
,,,,,8,,,,,TS+LR,last_session,4,0.98734375,right_only,
0.6148437,0.097768836,600.0,160.0,2.0,8,0train,3.0,5.0,BNCI2014-004,TS+LR,loso,0,0.61484375,both,2.384185793236071e-08
0.7102778,0.0926515,640.0,120.0,2.0,8,1train,3.0,5.0,BNCI2014-004,TS+LR,loso,1,0.7108333333333333,both,0.0005555375417073405
0.9351562,0.115418874,600.0,160.0,2.0,8,2train,3.0,5.0,BNCI2014-004,TS+LR,loso,2,0.93546875,both,0.0003125238418578702
0.9265625,0.09025479,600.0,160.0,2.0,8,3test,3.0,5.0,BNCI2014-004,TS+LR,loso,3,0.9265625,both,1.1920928910669204e-08
0.98578125,0.100883044,600.0,160.0,2.0,8,4test,3.0,5.0,BNCI2014-004,TS+LR,loso,4,0.98546875,both,0.0003125023841857866
,,,,,9,,,,,CSP+LDA,first_session,1,0.6391666666666668,right_only,
,,,,,9,,,,,CSP+LDA,first_session,2,0.7959375,right_only,
,,,,,9,,,,,CSP+LDA,first_session,3,0.7550000000000001,right_only,
,,,,,9,,,,,CSP+LDA,first_session,4,0.69796875,right_only,
0.6383333,0.007680959,120.0,120.0,2.0,9,1train,3.0,5.0,BNCI2014-004,CSP+LDA,forward_expanding,1,0.6391666666666668,both,0.0008333460489909905
0.8021875,0.012910125,240.0,160.0,2.0,9,2train,3.0,5.0,BNCI2014-004,CSP+LDA,forward_expanding,2,0.8023437499999999,both,0.00015624761581412017
0.893125,0.019494917,400.0,160.0,2.0,9,3test,3.0,5.0,BNCI2014-004,CSP+LDA,forward_expanding,3,0.8931250000000001,both,2.3841858487472223e-09
0.8634375,0.032843582,560.0,160.0,2.0,9,4test,3.0,5.0,BNCI2014-004,CSP+LDA,forward_expanding,4,0.86203125,both,0.0014062237739562722
,,,,,9,,,,,CSP+LDA,last_session,1,0.6391666666666668,right_only,
,,,,,9,,,,,CSP+LDA,last_session,2,0.8692187499999999,right_only,
,,,,,9,,,,,CSP+LDA,last_session,3,0.90453125,right_only,
,,,,,9,,,,,CSP+LDA,last_session,4,0.85671875,right_only,
0.7536111,0.036689874,600.0,120.0,2.0,9,0train,3.0,5.0,BNCI2014-004,CSP+LDA,loso,0,0.7547222222222222,both,0.0011111344231499176
0.70055556,0.06225167,600.0,120.0,2.0,9,1train,3.0,5.0,BNCI2014-004,CSP+LDA,loso,1,0.7,both,0.0005555629730225053
0.87109375,0.0279905,560.0,160.0,2.0,9,2train,3.0,5.0,BNCI2014-004,CSP+LDA,loso,2,0.8714062499999999,both,0.00031249999999993783
0.88984376,0.05027179,560.0,160.0,2.0,9,3test,3.0,5.0,BNCI2014-004,CSP+LDA,loso,3,0.8896875000000001,both,0.00015626192092887958
0.8634375,0.038821332,560.0,160.0,2.0,9,4test,3.0,5.0,BNCI2014-004,CSP+LDA,loso,4,0.86203125,both,0.0014062237739562722
,,,,,9,,,,,TS+LR,first_session,1,0.6861111111111111,right_only,
,,,,,9,,,,,TS+LR,first_session,2,0.875,right_only,
,,,,,9,,,,,TS+LR,first_session,3,0.90203125,right_only,
,,,,,9,,,,,TS+LR,first_session,4,0.87171875,right_only,
0.68583333,0.021173,120.0,120.0,2.0,9,1train,3.0,5.0,BNCI2014-004,TS+LR,forward_expanding,1,0.6861111111111111,both,0.0002777761883205887
0.87390625,0.033730336,240.0,160.0,2.0,9,2train,3.0,5.0,BNCI2014-004,TS+LR,forward_expanding,2,0.8729687500000001,both,0.000937504768371511
0.90203124,0.06543608,400.0,160.0,2.0,9,3test,3.0,5.0,BNCI2014-004,TS+LR,forward_expanding,3,0.9015625,both,0.00046874284744258254
0.8696875,0.08341108,560.0,160.0,2.0,9,4test,3.0,5.0,BNCI2014-004,TS+LR,forward_expanding,4,0.87109375,both,0.001406252384185791
,,,,,9,,,,,TS+LR,last_session,1,0.6861111111111111,right_only,
,,,,,9,,,,,TS+LR,last_session,2,0.858125,right_only,
,,,,,9,,,,,TS+LR,last_session,3,0.9034375,right_only,
,,,,,9,,,,,TS+LR,last_session,4,0.86015625,right_only,
0.7722222,0.10540429,600.0,120.0,2.0,9,0train,3.0,5.0,BNCI2014-004,TS+LR,loso,0,0.7738888888888888,both,0.0016666679912142879
0.695,0.09177854,600.0,120.0,2.0,9,1train,3.0,5.0,BNCI2014-004,TS+LR,loso,1,0.6925,both,0.0024999928474426225
0.8751562,0.10400725,560.0,160.0,2.0,9,2train,3.0,5.0,BNCI2014-004,TS+LR,loso,2,0.87453125,both,0.0006249737739563166
0.89265627,0.0834545,560.0,160.0,2.0,9,3test,3.0,5.0,BNCI2014-004,TS+LR,loso,3,0.893125,both,0.0004687333106994096
0.8696875,0.10571546,560.0,160.0,2.0,9,4test,3.0,5.0,BNCI2014-004,TS+LR,loso,4,0.87109375,both,0.001406252384185791
