dataset,loso_margin_ts_minus_csp,expanding_margin_ts_minus_csp,estimand
BNCI2014_004,0.013449526801461276,0.023514345553035998,all_origin
Kumar2024,0.01814043209876548,0.021383487654320854,all_origin
Ma2020,0.06882857142857135,0.06263571428571446,all_origin
Stieger2021,0.13045993449653004,0.13490868215814888,all_origin
Zhou2016,0.06605061728395056,0.08038271604938263,all_origin
Zhou2020,0.05047871794940273,0.050544121890198634,all_origin
BNCI2014_004,0.019524137587133672,0.032943895922566524,conditional
Kumar2024,0.015283564814814854,0.019337384259259238,conditional
Ma2020,0.06802307692307696,0.06135384615384609,conditional
Stieger2021,0.13210510142006338,0.1372293610178429,conditional
Zhou2016,0.004201234567901335,0.03286543209876547,conditional
Zhou2020,0.05267634974811353,0.05288339929188346,conditional
