dataset,n,estimate,se,estimand
BNCI2014_004,9,0.008626005186025009,0.008144718292509274,conditional
Kumar2024,18,0.05456259645061726,0.008941308392267495,conditional
Ma2020,25,0.03578846153846152,0.005677673604928568,conditional
Stieger2021,62,0.03682255839965753,0.0034131661960889684,conditional
Zhou2016,4,0.016779012345678985,0.01323089149922822,conditional
Zhou2020,20,0.0246302043314574,0.005897681782638432,conditional
BNCI2014_004,9,0.006469503889518756,0.006108538719381956,all_origin
Kumar2024,18,0.04365007716049381,0.007153046713813996,all_origin
Ma2020,25,0.03323214285714284,0.005272125490290811,all_origin
Stieger2021,62,0.03204271722252975,0.0029764824205293894,all_origin
Zhou2016,4,0.008389506172839492,0.00661544574961411,all_origin
Zhou2020,20,0.02034684594493878,0.004785189033463878,all_origin
