subject_uid,loso_margin,expanding_margin,flip,estimand
BNCI2014_004/1,0.001206597222222383,0.00398437500000004,False,all_origin
BNCI2014_004/2,0.02576388888888892,0.02710937499999999,False,all_origin
BNCI2014_004/3,0.06494357638888903,0.011840277777777963,False,all_origin
BNCI2014_004/4,0.0012356505102041337,1.4349489795950632e-05,False,all_origin
BNCI2014_004/5,-0.0007150829081632448,0.0003300382653060874,True,all_origin
BNCI2014_004/6,0.00148871527777783,0.04271701388888893,False,all_origin
BNCI2014_004/7,0.019804687500000084,0.05121093750000005,False,all_origin
BNCI2014_004/8,0.005286458333333299,0.0406553819444444,False,all_origin
BNCI2014_004/9,0.002031249999999929,0.033767361111111116,False,all_origin
Kumar2024/1,0.023069444444444365,-0.004555555555555535,True,all_origin
Kumar2024/10,-0.021055555555555605,0.020069444444444362,True,all_origin
Kumar2024/11,0.012888888888888728,0.022736111111110957,False,all_origin
Kumar2024/12,0.012458333333333238,0.044944444444444454,False,all_origin
Kumar2024/13,-0.009638888888888975,0.025791666666666657,True,all_origin
Kumar2024/14,0.002263888888888843,0.01779166666666665,False,all_origin
Kumar2024/15,0.023208333333333386,0.05094444444444435,False,all_origin
Kumar2024/16,0.008527777777777579,0.03515277777777759,False,all_origin
Kumar2024/17,0.0004861111111110761,-0.004999999999999893,True,all_origin
Kumar2024/18,-0.008444444444444588,-0.023555555555555552,False,all_origin
Kumar2024/2,-0.011652777777777956,0.005736111111111164,True,all_origin
Kumar2024/3,-0.020194444444444404,-0.041611111111111154,False,all_origin
Kumar2024/4,-0.03640277777777767,-0.02473611111111118,False,all_origin
Kumar2024/5,0.08348611111111115,0.08086111111111105,False,all_origin
Kumar2024/6,0.023791666666666655,0.03890277777777784,False,all_origin
Kumar2024/7,-0.004874999999999963,0.03983333333333339,True,all_origin
Kumar2024/8,0.19291666666666663,0.06991666666666652,False,all_origin
Kumar2024/9,0.0556944444444446,0.0316805555555556,False,all_origin
Ma2020/1,0.03500000000000003,0.0003571428571429447,False,all_origin
Ma2020/10,0.04767857142857146,0.035357142857142754,False,all_origin
Ma2020/11,-0.026071428571428634,0.0007142857142856673,True,all_origin
Ma2020/12,0.11964285714285705,0.06053571428571425,False,all_origin
Ma2020/13,0.007857142857142896,0.07232142857142865,False,all_origin
Ma2020/14,0.045535714285714235,0.06678571428571434,False,all_origin
Ma2020/15,0.07714285714285707,0.06892857142857156,False,all_origin
Ma2020/16,0.0239285714285713,0.03660714285714273,False,all_origin
Ma2020/17,0.06910714285714281,0.07785714285714285,False,all_origin
Ma2020/18,-0.008928571428571397,0.0023214285714285854,True,all_origin
Ma2020/19,-0.02857142857142847,-0.010714285714285787,False,all_origin
Ma2020/2,0.02482142857142866,0.000535714285714195,False,all_origin
Ma2020/20,0.10303571428571434,0.09053571428571427,False,all_origin
Ma2020/21,-0.003214285714285614,0.06803571428571431,True,all_origin
Ma2020/22,0.12964285714285717,0.17553571428571435,False,all_origin
Ma2020/23,0.10946428571428557,0.0535714285714286,False,all_origin
Ma2020/24,0.0050000000000000044,-0.005357142857142838,True,all_origin
Ma2020/25,0.05767857142857136,0.025178571428571495,False,all_origin
Ma2020/3,0.09553571428571439,0.10178571428571437,False,all_origin
Ma2020/4,0.03946428571428573,0.05499999999999994,False,all_origin
Ma2020/5,0.06160714285714286,0.04678571428571421,False,all_origin
Ma2020/6,0.24482142857142863,0.0992857142857142,False,all_origin
Ma2020/7,0.3276785714285715,0.2723214285714286,False,all_origin
Ma2020/8,0.07285714285714284,0.09946428571428578,False,all_origin
Ma2020/9,0.08999999999999997,0.07214285714285729,False,all_origin
Stieger2021/1,0.2137173660898889,0.22842386225152433,False,all_origin
Stieger2021/10,0.10091375788860668,0.11337170245058803,False,all_origin
Stieger2021/11,0.2554839142582612,0.16170783564959412,False,all_origin
Stieger2021/12,0.11045442590229748,0.1401016570694794,False,all_origin
Stieger2021/13,0.16362157453781845,0.1564158959439973,False,all_origin
Stieger2021/14,0.15626828161784745,0.16425330623410073,False,all_origin
Stieger2021/15,0.10417922623248144,0.16359780782665745,False,all_origin
Stieger2021/16,0.22132267080537837,0.20943551527811854,False,all_origin
Stieger2021/17,0.21256697180163042,0.1775754286751693,False,all_origin
Stieger2021/18,0.032558614633900695,0.029110358677904846,False,all_origin
Stieger2021/19,0.010914777197436165,0.01417012239250115,False,all_origin
Stieger2021/2,0.019285431264083885,0.014829002771655664,False,all_origin
Stieger2021/20,0.13598350737039044,0.14519846646395407,False,all_origin
Stieger2021/21,0.27571121562900613,0.2106351603678781,False,all_origin
Stieger2021/22,0.1377757913103721,0.09427157336077441,False,all_origin
Stieger2021/23,0.093527713944066,0.17413840773325662,False,all_origin
Stieger2021/24,0.31975649563446396,0.20458640038910347,False,all_origin
Stieger2021/25,0.26190696498619115,0.21437022012493467,False,all_origin
Stieger2021/26,0.007761817080315869,0.020043166921458022,False,all_origin
Stieger2021/27,0.13274824730525248,0.10089583735006746,False,all_origin
Stieger2021/28,0.13530540419455928,0.12475510895394726,False,all_origin
Stieger2021/29,0.04678245705398054,0.0888761025474436,False,all_origin
Stieger2021/3,0.3228613646369517,0.2895696932178956,False,all_origin
Stieger2021/30,0.007133013655535869,0.012472567172009286,False,all_origin
Stieger2021/31,0.11070786875077865,0.09199014028088781,False,all_origin
Stieger2021/32,0.20261196599765519,0.1784447849722267,False,all_origin
Stieger2021/33,0.14173898559841647,0.20872476715032495,False,all_origin
Stieger2021/34,0.1253936254715845,0.165938459943204,False,all_origin
Stieger2021/35,0.15169237075356212,0.21137313842404748,False,all_origin
Stieger2021/36,0.2358059299773464,0.21141847554240278,False,all_origin
Stieger2021/37,0.0405882214099339,0.07287101062776546,False,all_origin
Stieger2021/38,0.016891291313595347,0.05782949130467385,False,all_origin
Stieger2021/39,0.06613934150141043,0.10797880089259393,False,all_origin
Stieger2021/4,0.12605241226035635,0.1686251756942584,False,all_origin
Stieger2021/40,0.20892956697191167,0.28350190141611864,False,all_origin
Stieger2021/41,0.18280407454081204,0.20979141321298345,False,all_origin
Stieger2021/42,0.09843618577127744,0.13126844181310593,False,all_origin
Stieger2021/43,0.2533845966292365,0.1957140261754814,False,all_origin
Stieger2021/44,0.038703161363995986,0.13569041123652925,False,all_origin
Stieger2021/45,0.006282131011230652,-0.010355623893397947,True,all_origin
Stieger2021/46,0.06893872712586935,0.06943492907526805,False,all_origin
Stieger2021/47,0.156791058448164,0.21489984732363931,False,all_origin
Stieger2021/48,0.1869575710503808,0.1380314115928447,False,all_origin
Stieger2021/49,0.15704948242498995,0.23531687722486394,False,all_origin
Stieger2021/5,0.10949977285893375,0.038789542560889845,False,all_origin
Stieger2021/50,0.004802152909240576,0.006488567695149272,False,all_origin
Stieger2021/51,0.14186452205183542,0.12734463684637598,False,all_origin
Stieger2021/52,0.16425960074107904,0.17621148110534146,False,all_origin
Stieger2021/53,0.061422038375470334,0.077355166296735,False,all_origin
Stieger2021/54,0.15950099044527455,0.14085423874503955,False,all_origin
Stieger2021/55,0.1400269054847535,0.13392917524877912,False,all_origin
Stieger2021/56,0.1789374107406171,0.1923155658355965,False,all_origin
Stieger2021/57,0.08150181142917878,0.11949347028974,False,all_origin
Stieger2021/58,0.24484220276143542,0.23834950422235857,False,all_origin
Stieger2021/59,0.18495625522654935,0.16955130824931175,False,all_origin
Stieger2021/6,0.1786786712799756,0.16844061166785812,False,all_origin
Stieger2021/60,0.07406541335630878,0.0875654959310943,False,all_origin
Stieger2021/61,0.056603441416216205,0.06560652708271253,False,all_origin
Stieger2021/62,0.06650114011008967,0.10350274182381924,False,all_origin
Stieger2021/7,0.11655664560586454,0.1097088098254243,False,all_origin
Stieger2021/8,0.049337772305413585,0.04880705105569694,False,all_origin
Stieger2021/9,0.02071961828340485,0.02873131948946528,False,all_origin
Zhou2016/1,0.15979999999999994,0.18600000000000005,False,all_origin
Zhou2016/2,0.050602469135802464,0.07233086419753088,False,all_origin
Zhou2016/3,-0.012599999999999945,0.0,False,all_origin
Zhou2016/4,0.06640000000000001,0.06319999999999992,False,all_origin
Zhou2020/1,0.018623153592887243,0.017676441574746682,False,all_origin
Zhou2020/10,0.03190772669220948,0.011388888888888893,False,all_origin
Zhou2020/11,0.006463365539452592,0.03262824936737985,False,all_origin
Zhou2020/12,0.01917648873303468,0.00541769487196142,False,all_origin
Zhou2020/13,0.04181481481481486,0.05404999999999993,False,all_origin
Zhou2020/14,0.02083333333333337,0.029490740740740762,False,all_origin
Zhou2020/15,0.04044444444444428,0.03922777777777786,False,all_origin
Zhou2020/16,0.06361111111111112,0.05467592592592596,False,all_origin
Zhou2020/17,-0.016666666666666607,0.0071759259259259744,True,all_origin
Zhou2020/18,0.015555555555555545,0.014814814814814725,False,all_origin
Zhou2020/19,0.3575925925925926,0.30680555555555555,False,all_origin
Zhou2020/2,0.05205351537978653,0.04584981167608282,False,all_origin
Zhou2020/20,-0.051494598765432165,-6.867283950617864e-05,False,all_origin
Zhou2020/3,0.01870370370370389,0.020601851851851816,False,all_origin
Zhou2020/4,-0.01171296296296298,0.006388888888888888,True,all_origin
Zhou2020/5,0.30951271186440676,0.2415866290018832,False,all_origin
Zhou2020/6,0.0037037037037037646,0.008842592592592569,False,all_origin
Zhou2020/7,0.022916666666666696,0.0031018518518518556,False,all_origin
Zhou2020/8,0.04699074074074072,0.06541666666666673,False,all_origin
Zhou2020/9,0.019544958914672672,0.04581080266994386,False,all_origin
BNCI2014_004/1,0.0003067129629630294,0.004010416666666794,False,conditional
BNCI2014_004/2,0.03789351851851852,0.03968749999999999,False,conditional
BNCI2014_004/3,0.09388310185185189,0.023078703703703796,False,conditional
BNCI2014_004/4,0.002689200680272119,0.001060799319727912,False,conditional
BNCI2014_004/5,-0.0009534438775510301,0.0004400510204081165,True,conditional
BNCI2014_004/6,0.006984953703703667,0.061956018518518285,False,conditional
BNCI2014_004/7,0.028020833333333384,0.06989583333333327,False,conditional
BNCI2014_004/8,0.007204861111111072,0.0543634259259258,False,conditional
BNCI2014_004/9,-0.00031250000000004885,0.042002314814814756,True,conditional
Kumar2024/1,0.01244791666666667,-0.022083333333333344,True,conditional
Kumar2024/10,-0.024097222222222325,0.02730902777777766,True,conditional
Kumar2024/11,0.0050000000000000044,0.017309027777777652,False,conditional
Kumar2024/12,0.011406249999999951,0.052013888888889026,False,conditional
Kumar2024/13,-0.0267708333333333,0.01751736111111113,True,conditional
Kumar2024/14,-0.004670138888888897,0.014739583333333361,True,conditional
Kumar2024/15,-0.005156250000000084,0.02951388888888884,True,conditional
Kumar2024/16,0.007881944444444566,0.041163194444444384,False,conditional
Kumar2024/17,0.0019965277777778123,-0.004861111111111094,True,conditional
Kumar2024/18,-0.008611111111111125,-0.027499999999999858,False,conditional
Kumar2024/2,-0.011788194444444566,0.009947916666666612,True,conditional
Kumar2024/3,-0.010520833333333313,-0.03729166666666672,False,conditional
Kumar2024/4,-0.03300347222222211,-0.018420138888888937,False,conditional
Kumar2024/5,0.10324652777777776,0.09996527777777775,False,conditional
Kumar2024/6,0.022795138888888955,0.0416840277777778,False,conditional
Kumar2024/7,-0.006093750000000009,0.04979166666666668,True,conditional
Kumar2024/8,0.17031249999999998,0.016562500000000036,False,conditional
Kumar2024/9,0.07072916666666662,0.040711805555555536,False,conditional
Ma2020/1,0.03826923076923072,0.0009615384615384581,False,conditional
Ma2020/10,0.049038461538461475,0.035769230769230775,False,conditional
Ma2020/11,-0.030576923076923168,-0.0017307692307693134,False,conditional
Ma2020/12,0.11326923076923079,0.049615384615384506,False,conditional
Ma2020/13,0.015000000000000013,0.08442307692307682,False,conditional
Ma2020/14,0.044230769230769185,0.06711538461538447,False,conditional
Ma2020/15,0.07019230769230766,0.06134615384615383,False,conditional
Ma2020/16,0.016538461538461724,0.03019230769230774,False,conditional
Ma2020/17,0.07615384615384613,0.08557692307692322,False,conditional
Ma2020/18,-0.00038461538461542766,0.011730769230769211,True,conditional
Ma2020/19,-0.022500000000000075,-0.003269230769230802,False,conditional
Ma2020/2,0.02230769230769225,-0.0038461538461538325,True,conditional
Ma2020/20,0.09750000000000003,0.08403846153846162,False,conditional
Ma2020/21,-0.011346153846153784,0.06538461538461537,True,conditional
Ma2020/22,0.12749999999999995,0.17692307692307685,False,conditional
Ma2020/23,0.10923076923076924,0.049038461538461586,False,conditional
Ma2020/24,0.004423076923076863,-0.006730769230769207,True,conditional
Ma2020/25,0.059038461538461484,0.024038461538461675,False,conditional
Ma2020/3,0.09346153846153837,0.10019230769230769,False,conditional
Ma2020/4,0.04250000000000009,0.05923076923076931,False,conditional
Ma2020/5,0.05500000000000005,0.03903846153846158,False,conditional
Ma2020/6,0.24346153846153862,0.08673076923076917,False,conditional
Ma2020/7,0.3276923076923077,0.2680769230769231,False,conditional
Ma2020/8,0.07307692307692315,0.10173076923076929,False,conditional
Ma2020/9,0.08750000000000013,0.06826923076923075,False,conditional
Stieger2021/1,0.21222310398353417,0.22856365527424027,False,conditional
Stieger2021/10,0.10332372764983566,0.11716588827425933,False,conditional
Stieger2021/11,0.24244027850534233,0.1382446356068231,False,conditional
Stieger2021/12,0.11471243975851497,0.14765380772205028,False,conditional
Stieger2021/13,0.15318130889419346,0.14517499934550326,False,conditional
Stieger2021/14,0.15302210502341484,0.1618943545970296,False,conditional
Stieger2021/15,0.10195118943864045,0.16797183565439167,False,conditional
Stieger2021/16,0.21927660375930547,0.20606865317346124,False,conditional
Stieger2021/17,0.2204763165643615,0.18159682420162704,False,conditional
Stieger2021/18,0.04302174397990849,0.03919034847324643,False,conditional
Stieger2021/19,0.010661480836657522,0.01427853105339627,False,conditional
Stieger2021/2,0.019834839912908908,0.014883252699099958,False,conditional
Stieger2021/20,0.15616390834836646,0.16722185926064248,False,conditional
Stieger2021/21,0.29135087477547916,0.21325960846212566,False,conditional
Stieger2021/22,0.13584323611971827,0.0836381745802014,False,conditional
Stieger2021/23,0.09814427368203182,0.19487710622906051,False,conditional
Stieger2021/24,0.3281398375694643,0.20017306507461918,False,conditional
Stieger2021/25,0.26773946485900324,0.21492085945760708,False,conditional
Stieger2021/26,0.007555865131974926,0.021201809399910565,False,conditional
Stieger2021/27,0.12443555481534951,0.08904398819847714,False,conditional
Stieger2021/28,0.14169826845780065,0.12997571819045395,False,conditional
Stieger2021/29,0.05116522714826188,0.09793594436322062,False,conditional
Stieger2021/3,0.33439863534901193,0.2944486296461447,False,conditional
Stieger2021/30,0.009045642412961019,0.014978479653486976,False,conditional
Stieger2021/31,0.11915386777297399,0.0983563916953174,False,conditional
Stieger2021/32,0.2101244066640614,0.18327198330247396,False,conditional
Stieger2021/33,0.1417775460658025,0.2162061922345898,False,conditional
Stieger2021/34,0.12798203917977125,0.1730318552593486,False,conditional
Stieger2021/35,0.1529851712605932,0.21929713533891015,False,conditional
Stieger2021/36,0.2486235388001269,0.22152636720574526,False,conditional
Stieger2021/37,0.0414147264514142,0.08015407351281234,False,conditional
Stieger2021/38,0.014740133683292744,0.06022702256226875,False,conditional
Stieger2021/39,0.05970909014357295,0.10991644141299306,False,conditional
Stieger2021/4,0.11252402988897992,0.15982710037109316,False,conditional
Stieger2021/40,0.1785493748668554,0.2680361761999035,False,conditional
Stieger2021/41,0.1925575689970812,0.22254350085504937,False,conditional
Stieger2021/42,0.1134551182572281,0.15285382550742244,False,conditional
Stieger2021/43,0.23213638226524425,0.16293169772073812,False,conditional
Stieger2021/44,0.03958699450426184,0.14735060547374312,False,conditional
Stieger2021/45,-0.0002780751697145645,-0.020243381055269016,False,conditional
Stieger2021/46,0.07244082850843014,0.07299216400776187,False,conditional
Stieger2021/47,0.15073898108262507,0.2153043020553752,False,conditional
Stieger2021/48,0.17891873920899282,0.12020734785994969,False,conditional
Stieger2021/49,0.13999999515648676,0.23392086891633557,False,conditional
Stieger2021/5,0.12120364899934788,0.03635137264169508,False,conditional
Stieger2021/50,0.0050528036440121715,0.006926597850577365,False,conditional
Stieger2021/51,0.12417695432660081,0.108043748542757,False,conditional
Stieger2021/52,0.20669485422262834,0.22103711065974319,False,conditional
Stieger2021/53,0.06257295044083,0.08027642590890183,False,conditional
Stieger2021/54,0.15824101303698757,0.13752240003672644,False,conditional
Stieger2021/55,0.14571365566682004,0.13893839984907086,False,conditional
Stieger2021/56,0.19924870241255022,0.21530248852652523,False,conditional
Stieger2021/57,0.07756687959736741,0.12315687023004118,False,conditional
Stieger2021/58,0.2372261949129707,0.23001208542510754,False,conditional
Stieger2021/59,0.19540594015071122,0.1782893323982252,False,conditional
Stieger2021/6,0.17831684456036112,0.16603117302582016,False,conditional
Stieger2021/60,0.08156142285683876,0.09776152194658139,False,conditional
Stieger2021/61,0.05911333265336838,0.06991703545316386,False,conditional
Stieger2021/62,0.06544239377313321,0.10984431582960885,False,conditional
Stieger2021/7,0.12418924535504439,0.116580538932333,False,conditional
Stieger2021/8,0.056166548352816426,0.05557685807535373,False,conditional
Stieger2021/9,0.02567651851742736,0.03457840874638318,False,conditional
Zhou2016/1,-0.035599999999999965,0.016800000000000148,True,conditional
Zhou2016/2,0.03160493827160504,0.07506172839506176,False,conditional
Zhou2016/3,-0.019600000000000062,0.005599999999999938,True,conditional
Zhou2016/4,0.04039999999999999,0.03400000000000003,False,conditional
Zhou2020/1,0.030596371882086193,0.02946031746031763,False,conditional
Zhou2020/10,0.04334482758620695,0.018722222222222307,False,conditional
Zhou2020/11,-0.0035772946859903287,0.027820565907522465,True,conditional
Zhou2020/12,0.022734008701863706,0.006223456068575883,False,conditional
Zhou2020/13,0.05006666666666659,0.06474888888888897,False,conditional
Zhou2020/14,0.018111111111111078,0.02849999999999997,False,conditional
Zhou2020/15,0.050866666666666616,0.04940666666666649,False,conditional
Zhou2020/16,0.07127777777777783,0.06055555555555564,False,conditional
Zhou2020/17,-0.011833333333333251,0.01677777777777778,True,conditional
Zhou2020/18,0.01911111111111108,0.01822222222222225,False,conditional
Zhou2020/19,0.3584444444444445,0.2975000000000001,False,conditional
Zhou2020/2,0.07794444444444437,0.07050000000000001,False,conditional
Zhou2020/20,-0.05554012345679016,0.008742283950617269,True,conditional
Zhou2020/3,0.025111111111111195,0.027388888888888907,False,conditional
Zhou2020/4,-0.02499999999999991,-0.003277777777777824,False,conditional
Zhou2020/5,0.28558192090395473,0.20407062146892652,False,conditional
Zhou2020/6,0.006111111111110956,0.01227777777777772,False,conditional
Zhou2020/7,0.02427777777777773,0.0004999999999999449,False,conditional
Zhou2020/8,0.048555555555555685,0.07066666666666677,False,conditional
Zhou2020/9,0.01734283958649596,0.048861852092821456,False,conditional
