n,mean,median,q1,q3,sd,se,ci,t,p,wilcoxon_p,prob_gt_0,prob_gt_001,prob_gt_002,dataset,model
9,0.015335884353741471,0.0033217592592592,0.00011373299319726654,0.042824074074074035,0.0436744102750584,0.014558136758352802,"[-0.018235239211887858, 0.048907007919370804]",1.0534235670606977,0.32292104128485327,0.1640625,0.7777777777777778,0.4444444444444444,0.4444444444444444,BNCI2014_004,csp_lda
9,0.0019161260183085443,6.944444444439979e-05,-0.0003819444444445001,0.001620960884353733,0.007024146048690252,0.002341382016230084,"[-0.003483110593210697, 0.007315362629827786]",0.8183739368570642,0.43683963611025145,0.65234375,0.5555555555555556,0.1111111111111111,0.0,BNCI2014_004,ts_lr
18,0.05658950617283947,0.04524305555555551,0.016731770833333333,0.0990928819444444,0.05361840720966272,0.012637979778124727,"[0.029925699564611198, 0.08325331278106773]",4.4777335591872935,0.00033115607600560034,0.00032806396484375,0.8333333333333334,0.7777777777777778,0.7222222222222222,Kumar2024,csp_lda
18,0.05253568672839504,0.04978298611111104,0.027256944444444466,0.07113715277777771,0.03427028829017655,0.008077584414400592,"[0.03549347329963016, 0.06957790015715992]",6.5038858194703915,5.404036628978112e-06,7.62939453125e-06,1.0,0.9444444444444444,0.7777777777777778,Kumar2024,ts_lr
25,0.03245384615384613,0.030192307692307678,0.011346153846153824,0.06192307692307687,0.04659760228232281,0.009319520456464562,"[0.013219301288686005, 0.051688391019006255]",3.482351512124666,0.0019245306117990628,0.00028705596923828125,0.88,0.8,0.6,Ma2020,csp_lda
25,0.039123076923076906,0.0421153846153846,0.021538461538461555,0.05999999999999997,0.02447482655931357,0.004894965311862714,"[0.029020365056704394, 0.049225788789449415]",7.992513619711258,3.2087232157747045e-08,1.4901161193847656e-06,0.92,0.88,0.8,Ma2020,ts_lr
62,0.03938468819854721,0.03247184748373086,0.01620477591875739,0.0633699434428989,0.04612642035456113,0.0058580612430934355,"[0.027670770774512802, 0.05109860562258162]",6.72316088278885,6.9146758869674505e-09,2.25335819639586e-08,0.9032258064516129,0.8225806451612904,0.6935483870967742,Stieger2021,csp_lda
62,0.03426042860076785,0.031200611772707075,0.020134013173445754,0.042890194637914054,0.021462422000256127,0.0027257303197642108,"[0.028809993967031534, 0.03971086323450416]",12.5692656945356,1.3983156594823732e-18,7.577765262336002e-12,1.0,0.8709677419354839,0.7580645161290323,Stieger2021,ts_lr
4,0.031111111111111096,0.02682222222222215,0.005099999999999949,0.0528333333333333,0.03796570252084417,0.018982851260422085,"[-0.02930079374637988, 0.09152301596860207]",1.6389061202821298,0.1997621046081169,0.25,0.75,0.5,0.5,Zhou2016,csp_lda
4,0.0024469135802468746,9.382716049379994e-05,-0.0046,0.007140740740740675,0.017214586032208986,0.008607293016104493,"[-0.02494533427735391, 0.029839161437847657]",0.2842837551444606,0.7946859405691635,0.875,0.5,0.25,0.25,Zhou2016,ts_lr
20,0.024733729103342365,0.026271111111111106,-0.0011061676082862759,0.0393544685990338,0.03675616410573501,0.008218928153256125,"[0.007531314777124012, 0.041936143429560716]",3.0093618829778315,0.007210647779150975,0.001689910888671875,0.75,0.7,0.65,Zhou2020,csp_lda
20,0.024526679559572433,0.022972222222222168,0.008510700007139299,0.031903867304892,0.023932423422902242,0.005351452563991761,"[0.013325960617112902, 0.035727398502031965]",4.583181718661721,0.00020304932825552176,4.76837158203125e-05,0.95,0.7,0.55,Zhou2020,ts_lr
