dataset,model,mean,std,count,se,crit,lo,hi
BNCI2014_004,csp_lda,0.01150191326530611,0.03275580770629381,9,0.010918602568764604,2.306004135204166,-0.013676429408915895,0.03668025593952812
BNCI2014_004,ts_lr,0.001437094513731409,0.005268109536517698,9,0.0017560365121725662,2.306004135204166,-0.0026123329449080296,0.005486521972370847
Kumar2024,csp_lda,0.045271604938271606,0.042894725767730194,18,0.010110383822499786,2.1098155778331806,0.02394055965168898,0.06660265022485423
Kumar2024,ts_lr,0.04202854938271605,0.027416230632141245,18,0.0064620675315204745,2.1098155778331806,0.028394778639704146,0.05566232012572796
Ma2020,csp_lda,0.03013571428571428,0.04326920211929978,25,0.008653840423859955,2.063898561628021,0.012275065482351296,0.04799636308907726
Ma2020,ts_lr,0.036328571428571425,0.022726624662219756,25,0.004545324932443951,2.063898561628021,0.026947481838368374,0.04570966101877448
Stieger2021,csp_lda,0.034267091053339103,0.04040845442650587,62,0.005131878844047655,1.9996235849949393,0.02400526508144485,0.04452891702523336
Stieger2021,eegnet,0.08115825398106784,0.0477128820415487,62,0.006059542078821793,1.9996235849949393,0.06904145072598651,0.09327505723614916
Stieger2021,ts_lr,0.02981834339172043,0.018249623250325208,62,0.0023177044704969308,1.9996235849949393,0.02518380686946656,0.034452879913974305
Zhou2016,csp_lda,0.015555555555555559,0.018982851260422103,4,0.009491425630211051,3.182446305284263,-0.014650396873189957,0.04576150798430108
Zhou2016,ts_lr,0.0012234567901234505,0.008607293016104507,4,0.004303646508052253,3.182446305284263,-0.012472667138676964,0.014919580718923865
Zhou2020,csp_lda,0.02037954791533676,0.02987873137636221,20,0.006681087443900175,2.093024054408263,0.006395871185648676,0.034363224645024844
Zhou2020,ts_lr,0.020314143974540833,0.01967350785366699,20,0.0043991300916675375,2.093024054408263,0.01110665887420945,0.029521629074872217
