dataset,subject,T,n_models,all_targets,conditional_targets,expected_models,complete
BNCI2014_004,1,5,2,4,3,2,True
BNCI2014_004,2,5,2,4,3,2,True
BNCI2014_004,3,5,2,4,3,2,True
BNCI2014_004,4,5,2,4,3,2,True
BNCI2014_004,5,5,2,4,3,2,True
BNCI2014_004,6,5,2,4,3,2,True
BNCI2014_004,7,5,2,4,3,2,True
BNCI2014_004,8,5,2,4,3,2,True
BNCI2014_004,9,5,2,4,3,2,True
Kumar2024,1,6,2,5,4,2,True
Kumar2024,2,6,2,5,4,2,True
Kumar2024,3,6,2,5,4,2,True
Kumar2024,4,6,2,5,4,2,True
Kumar2024,5,6,2,5,4,2,True
Kumar2024,6,6,2,5,4,2,True
Kumar2024,7,6,2,5,4,2,True
Kumar2024,8,6,2,5,4,2,True
Kumar2024,9,6,2,5,4,2,True
Kumar2024,10,6,2,5,4,2,True
Kumar2024,11,6,2,5,4,2,True
Kumar2024,12,6,2,5,4,2,True
Kumar2024,13,6,2,5,4,2,True
Kumar2024,14,6,2,5,4,2,True
Kumar2024,15,6,2,5,4,2,True
Kumar2024,16,6,2,5,4,2,True
Kumar2024,17,6,2,5,4,2,True
Kumar2024,18,6,2,5,4,2,True
Ma2020,1,15,2,14,13,2,True
Ma2020,2,15,2,14,13,2,True
Ma2020,3,15,2,14,13,2,True
Ma2020,4,15,2,14,13,2,True
Ma2020,5,15,2,14,13,2,True
Ma2020,6,15,2,14,13,2,True
Ma2020,7,15,2,14,13,2,True
Ma2020,8,15,2,14,13,2,True
Ma2020,9,15,2,14,13,2,True
Ma2020,10,15,2,14,13,2,True
Ma2020,11,15,2,14,13,2,True
Ma2020,12,15,2,14,13,2,True
Ma2020,13,15,2,14,13,2,True
Ma2020,14,15,2,14,13,2,True
Ma2020,15,15,2,14,13,2,True
Ma2020,16,15,2,14,13,2,True
Ma2020,17,15,2,14,13,2,True
Ma2020,18,15,2,14,13,2,True
Ma2020,19,15,2,14,13,2,True
Ma2020,20,15,2,14,13,2,True
Ma2020,21,15,2,14,13,2,True
Ma2020,22,15,2,14,13,2,True
Ma2020,23,15,2,14,13,2,True
Ma2020,24,15,2,14,13,2,True
Ma2020,25,15,2,14,13,2,True
Stieger2021,1,11,2,10,9,2,True
Stieger2021,2,11,2,10,9,2,True
Stieger2021,3,7,2,6,5,2,True
Stieger2021,4,11,2,10,9,2,True
Stieger2021,5,7,2,6,5,2,True
Stieger2021,6,7,2,6,5,2,True
Stieger2021,7,11,2,10,9,2,True
Stieger2021,8,11,2,10,9,2,True
Stieger2021,9,11,2,10,9,2,True
Stieger2021,10,11,2,10,9,2,True
Stieger2021,11,11,2,10,9,2,True
Stieger2021,12,11,2,10,9,2,True
Stieger2021,13,11,2,10,9,2,True
Stieger2021,14,11,2,10,9,2,True
Stieger2021,15,11,2,10,9,2,True
Stieger2021,16,11,2,10,9,2,True
Stieger2021,17,11,2,10,9,2,True
Stieger2021,18,11,2,10,9,2,True
Stieger2021,19,11,2,10,9,2,True
Stieger2021,20,7,2,6,5,2,True
Stieger2021,21,7,2,6,5,2,True
Stieger2021,22,7,2,6,5,2,True
Stieger2021,23,7,2,6,5,2,True
Stieger2021,24,11,2,10,9,2,True
Stieger2021,25,11,2,10,9,2,True
Stieger2021,26,11,2,10,9,2,True
Stieger2021,27,11,2,10,9,2,True
Stieger2021,28,11,2,10,9,2,True
Stieger2021,29,11,2,10,9,2,True
Stieger2021,30,11,2,10,9,2,True
Stieger2021,31,11,2,10,9,2,True
Stieger2021,32,11,2,10,9,2,True
Stieger2021,33,11,2,10,9,2,True
Stieger2021,34,11,2,10,9,2,True
Stieger2021,35,11,2,10,9,2,True
Stieger2021,36,11,2,10,9,2,True
Stieger2021,37,7,2,6,5,2,True
Stieger2021,38,11,2,10,9,2,True
Stieger2021,39,7,2,6,5,2,True
Stieger2021,40,7,2,6,5,2,True
Stieger2021,41,11,2,10,9,2,True
Stieger2021,42,7,2,6,5,2,True
Stieger2021,43,7,2,6,5,2,True
Stieger2021,44,11,2,10,9,2,True
Stieger2021,45,7,2,6,5,2,True
Stieger2021,46,11,2,10,9,2,True
Stieger2021,47,11,2,10,9,2,True
Stieger2021,48,7,2,6,5,2,True
Stieger2021,49,7,2,6,5,2,True
Stieger2021,50,11,2,10,9,2,True
Stieger2021,51,11,2,10,9,2,True
Stieger2021,52,7,2,6,5,2,True
Stieger2021,53,11,2,10,9,2,True
Stieger2021,54,11,2,10,9,2,True
Stieger2021,55,11,2,10,9,2,True
Stieger2021,56,7,2,6,5,2,True
Stieger2021,57,7,2,6,5,2,True
Stieger2021,58,11,2,10,9,2,True
Stieger2021,59,11,2,10,9,2,True
Stieger2021,60,7,2,6,5,2,True
Stieger2021,61,7,2,6,5,2,True
Stieger2021,62,7,2,6,5,2,True
Zhou2016,1,3,2,2,1,2,True
Zhou2016,2,3,2,2,1,2,True
Zhou2016,3,3,2,2,1,2,True
Zhou2016,4,3,2,2,1,2,True
Zhou2020,1,7,2,6,5,2,True
Zhou2020,2,7,2,6,5,2,True
Zhou2020,3,7,2,6,5,2,True
Zhou2020,4,7,2,6,5,2,True
Zhou2020,5,7,2,6,5,2,True
Zhou2020,6,7,2,6,5,2,True
Zhou2020,7,7,2,6,5,2,True
Zhou2020,8,7,2,6,5,2,True
Zhou2020,9,7,2,6,5,2,True
Zhou2020,10,7,2,6,5,2,True
Zhou2020,11,7,2,6,5,2,True
Zhou2020,12,7,2,6,5,2,True
Zhou2020,13,7,2,6,5,2,True
Zhou2020,14,7,2,6,5,2,True
Zhou2020,15,7,2,6,5,2,True
Zhou2020,16,7,2,6,5,2,True
Zhou2020,17,7,2,6,5,2,True
Zhou2020,18,7,2,6,5,2,True
Zhou2020,19,7,2,6,5,2,True
Zhou2020,20,6,2,5,4,2,True
