estimand,excluded_dataset,excluded_participants,remaining_datasets,remaining_participants,mean
all_origin,BNCI2014_004,9,5,129,0.03134611140856153
all_origin,Kumar2024,18,5,120,0.02763477098184348
all_origin,Ma2020,25,5,113,0.028947525090987036
all_origin,Stieger2021,62,5,76,0.02783191366991134
all_origin,Zhou2016,4,5,134,0.030360566283722
all_origin,Zhou2020,20,5,118,0.031313025320435006
conditional,BNCI2014_004,9,5,129,0.036585713421420765
conditional,Kumar2024,18,5,120,0.03179220284938661
conditional,Ma2020,25,5,113,0.03453521716438908
conditional,Stieger2021,62,5,76,0.03308147970077287
conditional,Zhou2016,4,5,134,0.035299067378020806
conditional,Zhou2020,20,5,118,0.03647955077464708
