dataset,subject,subject_uid,delta,estimand
BNCI2014_004,1,BNCI2014_004/1,0.0014699074074073497,conditional
BNCI2014_004,2,BNCI2014_004/2,0.0009664351851851501,conditional
BNCI2014_004,3,BNCI2014_004/3,-0.041623263888888866,conditional
BNCI2014_004,4,BNCI2014_004/4,0.0008067602040816332,conditional
BNCI2014_004,5,BNCI2014_004/5,-0.0005830144557823169,conditional
BNCI2014_004,6,BNCI2014_004/6,0.03083622685185182,conditional
BNCI2014_004,7,BNCI2014_004/7,0.021886574074074083,conditional
BNCI2014_004,8,BNCI2014_004/8,0.04287905092592592,conditional
BNCI2014_004,9,BNCI2014_004/9,0.020995370370370317,conditional
Kumar2024,1,Kumar2024/1,0.012491319444444447,conditional
Kumar2024,2,Kumar2024/2,0.06406249999999998,conditional
Kumar2024,3,Kumar2024/3,0.05840277777777773,conditional
Kumar2024,4,Kumar2024/4,0.02703124999999995,conditional
Kumar2024,5,Kumar2024/5,0.013619791666666688,conditional
Kumar2024,6,Kumar2024/6,0.036024305555555546,conditional
Kumar2024,7,Kumar2024/7,0.08716145833333329,conditional
Kumar2024,8,Kumar2024/8,0.04121527777777778,conditional
Kumar2024,9,Kumar2024/9,0.014279513888888875,conditional
Kumar2024,10,Kumar2024/10,0.07539062499999993,conditional
Kumar2024,11,Kumar2024/11,0.053272569444444376,conditional
Kumar2024,12,Kumar2024/12,0.12733506944444442,conditional
Kumar2024,13,Kumar2024/13,0.13217881944444443,conditional
Kumar2024,14,Kumar2024/14,0.08338541666666661,conditional
Kumar2024,15,Kumar2024/15,0.020251736111111137,conditional
Kumar2024,16,Kumar2024/16,0.08582465277777772,conditional
Kumar2024,17,Kumar2024/17,0.009765624999999938,conditional
Kumar2024,18,Kumar2024/18,0.04043402777777776,conditional
Ma2020,1,Ma2020/1,-0.002115384615384604,conditional
Ma2020,2,Ma2020/2,0.039999999999999966,conditional
Ma2020,3,Ma2020/3,0.06336538461538457,conditional
Ma2020,4,Ma2020/4,0.05394230769230764,conditional
Ma2020,5,Ma2020/5,0.0656730769230769,conditional
Ma2020,6,Ma2020/6,-0.03624999999999999,conditional
Ma2020,7,Ma2020/7,0.01980769230769229,conditional
Ma2020,8,Ma2020/8,0.02355769230769231,conditional
Ma2020,9,Ma2020/9,0.02846153846153843,conditional
Ma2020,10,Ma2020/10,0.02317307692307693,conditional
Ma2020,11,Ma2020/11,-0.009423076923076916,conditional
Ma2020,12,Ma2020/12,0.0325961538461538,conditional
Ma2020,13,Ma2020/13,0.05624999999999999,conditional
Ma2020,14,Ma2020/14,0.0504807692307692,conditional
Ma2020,15,Ma2020/15,0.03461538461538459,conditional
Ma2020,16,Ma2020/16,0.07413461538461535,conditional
Ma2020,17,Ma2020/17,0.05355769230769226,conditional
Ma2020,18,Ma2020/18,0.024903846153846148,conditional
Ma2020,19,Ma2020/19,0.001538461538461519,conditional
Ma2020,20,Ma2020/20,0.04115384615384616,conditional
Ma2020,21,Ma2020/21,0.09894230769230769,conditional
Ma2020,22,Ma2020/22,0.0460576923076923,conditional
Ma2020,23,Ma2020/23,0.041442307692307674,conditional
Ma2020,24,Ma2020/24,0.025192307692307667,conditional
Ma2020,25,Ma2020/25,0.04365384615384614,conditional
Stieger2021,1,Stieger2021/1,0.033806600682799684,conditional
Stieger2021,2,Stieger2021/2,0.015131447753385378,conditional
Stieger2021,3,Stieger2021/3,0.01708188951809066,conditional
Stieger2021,4,Stieger2021/4,0.04345429107737738,conditional
Stieger2021,5,Stieger2021/5,0.00884896565004093,conditional
Stieger2021,6,Stieger2021/6,0.06060922262051256,conditional
Stieger2021,7,Stieger2021/7,0.020832501191743756,conditional
Stieger2021,8,Stieger2021/8,0.02251842962155108,conditional
Stieger2021,9,Stieger2021/9,0.040007457982469165,conditional
Stieger2021,10,Stieger2021/10,0.0561131398154519,conditional
Stieger2021,11,Stieger2021/11,-0.047925205668772425,conditional
Stieger2021,12,Stieger2021/12,0.017356713904073118,conditional
Stieger2021,13,Stieger2021/13,0.029482094331531577,conditional
Stieger2021,14,Stieger2021/14,0.02758071146637429,conditional
Stieger2021,15,Stieger2021/15,0.06521912355002239,conditional
Stieger2021,16,Stieger2021/16,0.025799938402520546,conditional
Stieger2021,17,Stieger2021/17,0.031214441730915907,conditional
Stieger2021,18,Stieger2021/18,0.0060286841145882515,conditional
Stieger2021,19,Stieger2021/19,0.008878520184722695,conditional
Stieger2021,20,Stieger2021/20,0.025539602493790663,conditional
Stieger2021,21,Stieger2021/21,0.0641860154515934,conditional
Stieger2021,22,Stieger2021/22,0.05797655052164109,conditional
Stieger2021,23,Stieger2021/23,0.08548837863549799,conditional
Stieger2021,24,Stieger2021/24,-0.030923147619559208,conditional
Stieger2021,25,Stieger2021/25,0.014449023526993399,conditional
Stieger2021,26,Stieger2021/26,0.0148703959168325,conditional
Stieger2021,27,Stieger2021/27,-0.015130652910449745,conditional
Stieger2021,28,Stieger2021/28,0.010411242215152706,conditional
Stieger2021,29,Stieger2021/29,0.04388953018830475,conditional
Stieger2021,30,Stieger2021/30,0.012514492199478512,conditional
Stieger2021,31,Stieger2021/31,0.061767368779586725,conditional
Stieger2021,32,Stieger2021/32,0.014801802353945657,conditional
Stieger2021,33,Stieger2021/33,0.080585382884166,conditional
Stieger2021,34,Stieger2021/34,0.06397250719212796,conditional
Stieger2021,35,Stieger2021/35,0.0642289036580424,conditional
Stieger2021,36,Stieger2021/36,0.0362349436170944,conditional
Stieger2021,37,Stieger2021/37,0.04411217768394488,conditional
Stieger2021,38,Stieger2021/38,0.03537144930168166,conditional
Stieger2021,39,Stieger2021/39,0.06070363353121968,conditional
Stieger2021,40,Stieger2021/40,0.07481803939646528,conditional
Stieger2021,41,Stieger2021/41,0.04396578698460904,conditional
Stieger2021,42,Stieger2021/42,0.05361936704379196,conditional
Stieger2021,43,Stieger2021/43,0.05652902089287047,conditional
Stieger2021,44,Stieger2021/44,0.08240462140626746,conditional
Stieger2021,45,Stieger2021/45,0.042772593659710444,conditional
Stieger2021,46,Stieger2021/46,0.0171860348956608,conditional
Stieger2021,47,Stieger2021/47,0.08886541538608049,conditional
Stieger2021,48,Stieger2021/48,0.03584841124491137,conditional
Stieger2021,49,Stieger2021/49,0.07488674730988312,conditional
Stieger2021,50,Stieger2021/50,0.00553432042419555,conditional
Stieger2021,51,Stieger2021/51,0.028822680706138644,conditional
Stieger2021,52,Stieger2021/52,0.03493797996736286,conditional
Stieger2021,53,Stieger2021/53,0.026267995206744766,conditional
Stieger2021,54,Stieger2021/54,0.05121881452693125,conditional
Stieger2021,55,Stieger2021/55,0.06458767231946902,conditional
Stieger2021,56,Stieger2021/56,0.04225809864792046,conditional
Stieger2021,57,Stieger2021/57,0.04956974292645019,conditional
Stieger2021,58,Stieger2021/58,0.02636016147671442,conditional
Stieger2021,59,Stieger2021/59,0.024488622441123545,conditional
Stieger2021,60,Stieger2021/60,0.024053704705657132,conditional
Stieger2021,61,Stieger2021/61,0.05338495870455551,conditional
Stieger2021,62,Stieger2021/62,0.05352926295476816,conditional
Zhou2016,1,Zhou2016/1,0.05179999999999995,conditional
Zhou2016,2,Zhou2016/2,0.022716049382716,conditional
Zhou2016,3,Zhou2016/3,-0.0034000000000000506,conditional
Zhou2016,4,Zhou2016/4,-0.00399999999999995,conditional
Zhou2020,1,Zhou2020/1,0.03036054421768709,conditional
Zhou2020,2,Zhou2020/2,0.026277777777777723,conditional
Zhou2020,3,Zhou2020/3,-0.014750000000000003,conditional
Zhou2020,4,Zhou2020/4,0.01647222222222218,conditional
Zhou2020,5,Zhou2020/5,0.04381779661016942,conditional
Zhou2020,6,Zhou2020/6,0.028916666666666608,conditional
Zhou2020,7,Zhou2020/7,-0.00755555555555554,conditional
Zhou2020,8,Zhou2020/8,0.027999999999999987,conditional
Zhou2020,9,Zhou2020/9,0.050589261187016545,conditional
Zhou2020,10,Zhou2020/10,-0.00482854406130269,conditional
Zhou2020,11,Zhou2020/11,0.02455227743271221,conditional
Zhou2020,12,Zhou2020/12,-0.008062958633677439,conditional
Zhou2020,13,Zhou2020/13,0.01846555555555554,conditional
Zhou2020,14,Zhou2020/14,0.04680555555555553,conditional
Zhou2020,15,Zhou2020/15,0.02746555555555555,conditional
Zhou2020,16,Zhou2020/16,0.01863888888888883,conditional
Zhou2020,17,Zhou2020/17,0.02652777777777776,conditional
Zhou2020,18,Zhou2020/18,0.02149999999999995,conditional
Zhou2020,19,Zhou2020/19,0.012416666666666663,conditional
Zhou2020,20,Zhou2020/20,0.10699459876543208,conditional
BNCI2014_004,1,BNCI2014_004/1,0.0011024305555555123,all_origin
BNCI2014_004,2,BNCI2014_004/2,0.0007248263888888625,all_origin
BNCI2014_004,3,BNCI2014_004/3,-0.03121744791666665,all_origin
BNCI2014_004,4,BNCI2014_004/4,0.0006050701530612249,all_origin
BNCI2014_004,5,BNCI2014_004/5,-0.00043726084183673766,all_origin
BNCI2014_004,6,BNCI2014_004/6,0.023127170138888865,all_origin
BNCI2014_004,7,BNCI2014_004/7,0.01641493055555556,all_origin
BNCI2014_004,8,BNCI2014_004/8,0.03215928819444444,all_origin
BNCI2014_004,9,BNCI2014_004/9,0.015746527777777738,all_origin
Kumar2024,1,Kumar2024/1,0.009993055555555557,all_origin
Kumar2024,2,Kumar2024/2,0.05124999999999998,all_origin
Kumar2024,3,Kumar2024/3,0.04672222222222218,all_origin
Kumar2024,4,Kumar2024/4,0.02162499999999996,all_origin
Kumar2024,5,Kumar2024/5,0.010895833333333351,all_origin
Kumar2024,6,Kumar2024/6,0.028819444444444436,all_origin
Kumar2024,7,Kumar2024/7,0.06972916666666663,all_origin
Kumar2024,8,Kumar2024/8,0.03297222222222222,all_origin
Kumar2024,9,Kumar2024/9,0.0114236111111111,all_origin
Kumar2024,10,Kumar2024/10,0.06031249999999995,all_origin
Kumar2024,11,Kumar2024/11,0.0426180555555555,all_origin
Kumar2024,12,Kumar2024/12,0.10186805555555553,all_origin
Kumar2024,13,Kumar2024/13,0.10574305555555555,all_origin
Kumar2024,14,Kumar2024/14,0.06670833333333329,all_origin
Kumar2024,15,Kumar2024/15,0.01620138888888891,all_origin
Kumar2024,16,Kumar2024/16,0.06865972222222218,all_origin
Kumar2024,17,Kumar2024/17,0.00781249999999995,all_origin
Kumar2024,18,Kumar2024/18,0.03234722222222221,all_origin
Ma2020,1,Ma2020/1,-0.001964285714285704,all_origin
Ma2020,2,Ma2020/2,0.03714285714285711,all_origin
Ma2020,3,Ma2020/3,0.058839285714285684,all_origin
Ma2020,4,Ma2020/4,0.05008928571428566,all_origin
Ma2020,5,Ma2020/5,0.06098214285714283,all_origin
Ma2020,6,Ma2020/6,-0.03366071428571428,all_origin
Ma2020,7,Ma2020/7,0.018392857142857127,all_origin
Ma2020,8,Ma2020/8,0.021875000000000002,all_origin
Ma2020,9,Ma2020/9,0.026428571428571402,all_origin
Ma2020,10,Ma2020/10,0.02151785714285715,all_origin
Ma2020,11,Ma2020/11,-0.008749999999999992,all_origin
Ma2020,12,Ma2020/12,0.0302678571428571,all_origin
Ma2020,13,Ma2020/13,0.052232142857142845,all_origin
Ma2020,14,Ma2020/14,0.046874999999999965,all_origin
Ma2020,15,Ma2020/15,0.03214285714285712,all_origin
Ma2020,16,Ma2020/16,0.06883928571428569,all_origin
Ma2020,17,Ma2020/17,0.049732142857142815,all_origin
Ma2020,18,Ma2020/18,0.023124999999999996,all_origin
Ma2020,19,Ma2020/19,0.0014285714285714106,all_origin
Ma2020,20,Ma2020/20,0.038214285714285715,all_origin
Ma2020,21,Ma2020/21,0.091875,all_origin
Ma2020,22,Ma2020/22,0.042767857142857135,all_origin
Ma2020,23,Ma2020/23,0.03848214285714284,all_origin
Ma2020,24,Ma2020/24,0.02339285714285712,all_origin
Ma2020,25,Ma2020/25,0.04053571428571427,all_origin
Stieger2021,1,Stieger2021/1,0.030425940614519715,all_origin
Stieger2021,2,Stieger2021/2,0.01361830297804684,all_origin
Stieger2021,3,Stieger2021/3,0.014234907931742216,all_origin
Stieger2021,4,Stieger2021/4,0.03910886196963964,all_origin
Stieger2021,5,Stieger2021/5,0.0073741380417007745,all_origin
Stieger2021,6,Stieger2021/6,0.0505076855170938,all_origin
Stieger2021,7,Stieger2021/7,0.018749251072569383,all_origin
Stieger2021,8,Stieger2021/8,0.02026658665939597,all_origin
Stieger2021,9,Stieger2021/9,0.03600671218422225,all_origin
Stieger2021,10,Stieger2021/10,0.05050182583390671,all_origin
Stieger2021,11,Stieger2021/11,-0.04313268510189518,all_origin
Stieger2021,12,Stieger2021/12,0.015621042513665806,all_origin
Stieger2021,13,Stieger2021/13,0.026533884898378417,all_origin
Stieger2021,14,Stieger2021/14,0.024822640319736862,all_origin
Stieger2021,15,Stieger2021/15,0.05869721119502015,all_origin
Stieger2021,16,Stieger2021/16,0.02321994456226849,all_origin
Stieger2021,17,Stieger2021/17,0.028092997557824316,all_origin
Stieger2021,18,Stieger2021/18,0.005425815703129426,all_origin
Stieger2021,19,Stieger2021/19,0.007990668166250426,all_origin
Stieger2021,20,Stieger2021/20,0.021283002078158888,all_origin
Stieger2021,21,Stieger2021/21,0.05348834620966117,all_origin
Stieger2021,22,Stieger2021/22,0.048313792101367575,all_origin
Stieger2021,23,Stieger2021/23,0.07124031552958165,all_origin
Stieger2021,24,Stieger2021/24,-0.027830832857603287,all_origin
Stieger2021,25,Stieger2021/25,0.013004121174294059,all_origin
Stieger2021,26,Stieger2021/26,0.01338335632514925,all_origin
Stieger2021,27,Stieger2021/27,-0.01361758761940477,all_origin
Stieger2021,28,Stieger2021/28,0.009370117993637435,all_origin
Stieger2021,29,Stieger2021/29,0.03950057716947428,all_origin
Stieger2021,30,Stieger2021/30,0.01126304297953066,all_origin
Stieger2021,31,Stieger2021/31,0.05559063190162805,all_origin
Stieger2021,32,Stieger2021/32,0.01332162211855109,all_origin
Stieger2021,33,Stieger2021/33,0.0725268445957494,all_origin
Stieger2021,34,Stieger2021/34,0.05757525647291517,all_origin
Stieger2021,35,Stieger2021/35,0.057806013292238154,all_origin
Stieger2021,36,Stieger2021/36,0.032611449255384964,all_origin
Stieger2021,37,Stieger2021/37,0.03676014806995407,all_origin
Stieger2021,38,Stieger2021/38,0.031834304371513494,all_origin
Stieger2021,39,Stieger2021/39,0.0505863612760164,all_origin
Stieger2021,40,Stieger2021/40,0.062348366163721074,all_origin
Stieger2021,41,Stieger2021/41,0.039569208286148135,all_origin
Stieger2021,42,Stieger2021/42,0.044682805869826626,all_origin
Stieger2021,43,Stieger2021/43,0.04710751741072539,all_origin
Stieger2021,44,Stieger2021/44,0.07416415926564071,all_origin
Stieger2021,45,Stieger2021/45,0.035643828049758706,all_origin
Stieger2021,46,Stieger2021/46,0.01546743140609472,all_origin
Stieger2021,47,Stieger2021/47,0.07997887384747245,all_origin
Stieger2021,48,Stieger2021/48,0.029873676037426144,all_origin
Stieger2021,49,Stieger2021/49,0.06240562275823593,all_origin
Stieger2021,50,Stieger2021/50,0.004980888381775995,all_origin
Stieger2021,51,Stieger2021/51,0.025940412635524778,all_origin
Stieger2021,52,Stieger2021/52,0.029114983306135715,all_origin
Stieger2021,53,Stieger2021/53,0.02364119568607029,all_origin
Stieger2021,54,Stieger2021/54,0.04609693307423812,all_origin
Stieger2021,55,Stieger2021/55,0.05812890508752212,all_origin
Stieger2021,56,Stieger2021/56,0.035215082206600384,all_origin
Stieger2021,57,Stieger2021/57,0.04130811910537516,all_origin
Stieger2021,58,Stieger2021/58,0.02372414532904298,all_origin
Stieger2021,59,Stieger2021/59,0.02203976019701119,all_origin
Stieger2021,60,Stieger2021/60,0.020044753921380942,all_origin
Stieger2021,61,Stieger2021/61,0.04448746558712959,all_origin
Stieger2021,62,Stieger2021/62,0.04460771912897347,all_origin
Zhou2016,1,Zhou2016/1,0.025899999999999975,all_origin
Zhou2016,2,Zhou2016/2,0.011358024691358,all_origin
Zhou2016,3,Zhou2016/3,-0.0017000000000000253,all_origin
Zhou2016,4,Zhou2016/4,-0.001999999999999975,all_origin
Zhou2020,1,Zhou2020/1,0.02530045351473924,all_origin
Zhou2020,2,Zhou2020/2,0.0218981481481481,all_origin
Zhou2020,3,Zhou2020/3,-0.012291666666666668,all_origin
Zhou2020,4,Zhou2020/4,0.013726851851851816,all_origin
Zhou2020,5,Zhou2020/5,0.03651483050847452,all_origin
Zhou2020,6,Zhou2020/6,0.024097222222222173,all_origin
Zhou2020,7,Zhou2020/7,-0.006296296296296283,all_origin
Zhou2020,8,Zhou2020/8,0.02333333333333332,all_origin
Zhou2020,9,Zhou2020/9,0.04215771765584712,all_origin
Zhou2020,10,Zhou2020/10,-0.004023786717752242,all_origin
Zhou2020,11,Zhou2020/11,0.020460231193926842,all_origin
Zhou2020,12,Zhou2020/12,-0.006719132194731199,all_origin
Zhou2020,13,Zhou2020/13,0.01538796296296295,all_origin
Zhou2020,14,Zhou2020/14,0.03900462962962961,all_origin
Zhou2020,15,Zhou2020/15,0.022887962962962957,all_origin
Zhou2020,16,Zhou2020/16,0.015532407407407358,all_origin
Zhou2020,17,Zhou2020/17,0.022106481481481467,all_origin
Zhou2020,18,Zhou2020/18,0.017916666666666626,all_origin
Zhou2020,19,Zhou2020/19,0.010347222222222218,all_origin
Zhou2020,20,Zhou2020/20,0.08559567901234566,all_origin
